date,ticker,event,open_px,close_px,open_close_ratio,ratio_low,ratio_high,notional,min_notional,blocked_orders,equity_for_target,cash_before_buys,fee_raw,fee_used,cash_before
2015-04-30,AVGO,open_close_ratio_anomaly_exit_alert,0.688715934753418,8.97931957244873,0.07670023649304195,0.3333333333333333,3.0,,,,,,,,
2015-04-30,BBWI,skip_sell_notional_below_fee_threshold,,,,,,1551.421916744861,2300.0,,,,,,
2015-04-30,CNC,skip_sell_notional_below_fee_threshold,,,,,,2183.6645650816117,2300.0,,,,,,
2015-04-30,EA,skip_sell_notional_below_fee_threshold,,,,,,1224.7845702401464,2300.0,,,,,,
2015-04-30,EW,skip_sell_notional_below_fee_threshold,,,,,,619.8475457982349,2300.0,,,,,,
2015-04-30,KR,skip_sell_notional_below_fee_threshold,,,,,,497.4243562114952,2300.0,,,,,,
2015-04-30,LOW,skip_sell_notional_below_fee_threshold,,,,,,733.2720797845868,2300.0,,,,,,
2015-04-30,NCLH,skip_sell_notional_below_fee_threshold,,,,,,1844.2279356608906,2300.0,,,,,,
2015-04-30,SWKS,skip_sell_notional_below_fee_threshold,,,,,,1894.0294750110006,2300.0,,,,,,
2015-04-30,ALK,skip_buy_notional_below_fee_threshold,,,,,,172.06723875514217,2300.0,,,,,,
2015-04-30,LUV,skip_buy_notional_below_fee_threshold,,,,,,769.5675015502948,2300.0,,,,,,
2015-07-31,EW,open_close_ratio_anomaly_exit_alert,4.286657810211182,25.359973907470703,0.16903242195167995,0.3333333333333333,3.0,,,,,,,,
2015-10-30,MNST,open_close_ratio_anomaly_exit_alert,3.7980475425720215,22.71997833251953,0.167167744924114,0.3333333333333333,3.0,,,,,,,,
2015-10-30,DXCM,open_close_ratio_anomaly_exit_alert,5.164999961853027,20.829999923706055,0.24795967262462068,0.3333333333333333,3.0,,,,,,,,
2015-10-30,FTNT,open_close_ratio_anomaly_exit_alert,1.364400029182434,6.872000217437744,0.19854481752201641,0.3333333333333333,3.0,,,,,,,,
2015-10-30,EA,skip_sell_notional_below_fee_threshold,,,,,,1994.198812352186,2300.0,,,,,,
2015-10-30,HOLX,skip_sell_notional_below_fee_threshold,,,,,,1143.1496390289212,2300.0,,,,,,
2015-10-30,IBKR,skip_sell_notional_below_fee_threshold,,,,,,2180.338571665903,2300.0,,,,,,
2015-10-30,PANW,skip_sell_notional_below_fee_threshold,,,,,,442.4358163775105,2300.0,,,,,,
2016-01-29,PANW,open_close_ratio_anomaly_exit_alert,3.9619362354278564,24.914974212646484,0.1590182755805075,0.3333333333333333,3.0,,,,,,,,
2016-01-29,IBKR,open_close_ratio_anomaly_exit_alert,1.7071152925491333,7.517112731933594,0.22709720519383772,0.3333333333333333,3.0,,,,,,,,
2016-01-29,ORLY,open_close_ratio_anomaly_exit_alert,1.1448558568954468,17.39341926574707,0.06582120740054924,0.3333333333333333,3.0,,,,,,,,
2016-01-29,ALK,skip_sell_notional_below_fee_threshold,,,,,,1365.312361966734,2300.0,,,,,,
2016-01-29,AMZN,skip_sell_notional_below_fee_threshold,,,,,,1912.3051527824746,2300.0,,,,,,
2016-01-29,EPAM,skip_sell_notional_below_fee_threshold,,,,,,2189.649180072315,2300.0,,,,,,
2016-01-29,FIX,skip_sell_notional_below_fee_threshold,,,,,,1471.2174842761697,2300.0,,,,,,
2016-01-29,GPN,skip_sell_notional_below_fee_threshold,,,,,,836.6874105468714,2300.0,,,,,,
2016-01-29,TYL,skip_sell_notional_below_fee_threshold,,,,,,1332.8412645295157,2300.0,,,,,,
2016-04-29,GOOGL,open_close_ratio_anomaly_exit_alert,1.7339977025985718,35.128578186035156,0.04936145418170943,0.3333333333333333,3.0,,,,,,,,
2016-04-29,KDP,open_close_ratio_anomaly_exit_alert,1.4873473644256592,11.655142784118652,0.12761296810986522,0.3333333333333333,3.0,,,,,,,,
2016-04-29,MKTX,skip_sell_notional_below_fee_threshold,,,,,,209.437856163805,2300.0,,,,,,
2016-04-29,TSN,skip_sell_notional_below_fee_threshold,,,,,,1256.1711970012511,2300.0,,,,,,
2016-04-29,HRL,skip_buy_notional_below_fee_threshold,,,,,,359.3575342441318,2300.0,,,,,,
2016-04-29,PSA,skip_buy_notional_below_fee_threshold,,,,,,302.83598399223774,2300.0,,,,,,
2016-07-29,AMZN,open_close_ratio_anomaly_exit_alert,1.9125001430511475,37.94050216674805,0.05040787638091168,0.3333333333333333,3.0,,,,,,,,
2016-07-29,ALB,skip_sell_notional_below_fee_threshold,,,,,,1783.2603613229858,2300.0,,,,,,
2016-07-29,ATO,skip_sell_notional_below_fee_threshold,,,,,,765.757260816601,2300.0,,,,,,
2016-07-29,DLR,skip_sell_notional_below_fee_threshold,,,,,,1309.8444882315398,2300.0,,,,,,
2016-07-29,EQIX,skip_sell_notional_below_fee_threshold,,,,,,933.7182749397771,2300.0,,,,,,
2016-07-29,EVRG,skip_sell_notional_below_fee_threshold,,,,,,633.3887940408385,2300.0,,,,,,
2016-07-29,NI,skip_sell_notional_below_fee_threshold,,,,,,949.8797939148708,2300.0,,,,,,
2016-07-29,O,skip_sell_notional_below_fee_threshold,,,,,,1433.2498579415333,2300.0,,,,,,
2016-10-31,MKTX,skip_sell_notional_below_fee_threshold,,,,,,1080.6168153589442,2300.0,,,,,,
2016-10-31,OKE,skip_sell_notional_below_fee_threshold,,,,,,1286.0627624423032,2300.0,,,,,,
2017-01-31,AMZN,open_close_ratio_anomaly_exit_alert,2.059375047683716,41.17399978637695,0.05001639525837593,0.3333333333333333,3.0,,,,,,,,
2017-01-31,AMAT,skip_sell_notional_below_fee_threshold,,,,,,714.0210216506521,2300.0,,,,,,
2017-01-31,DXC,skip_sell_notional_below_fee_threshold,,,,,,560.731898648165,2300.0,,,,,,
2017-01-31,NDSN,skip_sell_notional_below_fee_threshold,,,,,,526.1034148960125,2300.0,,,,,,
2017-01-31,OKE,skip_sell_notional_below_fee_threshold,,,,,,2252.5006601969462,2300.0,,,,,,
2017-01-31,TRGP,skip_sell_notional_below_fee_threshold,,,,,,1350.4301523984905,2300.0,,,,,,
2017-04-28,TPL,open_close_ratio_anomaly_exit_alert,2.872187614440918,30.35474967956543,0.09462069840010742,0.3333333333333333,3.0,,,,,,,,
2017-04-28,AMAT,skip_sell_notional_below_fee_threshold,,,,,,2094.0087020093642,2300.0,,,,,,
2017-04-28,BAC,skip_sell_notional_below_fee_threshold,,,,,,190.96947861894068,2300.0,,,,,,
2017-04-28,CMA,skip_sell_notional_below_fee_threshold,,,,,,253.60686696040784,2300.0,,,,,,
2017-04-28,KEY,skip_sell_notional_below_fee_threshold,,,,,,135.0451098924109,2300.0,,,,,,
2017-04-28,MS,skip_sell_notional_below_fee_threshold,,,,,,157.27926092646112,2300.0,,,,,,
2017-04-28,TRGP,skip_sell_notional_below_fee_threshold,,,,,,1639.6338401962084,2300.0,,,,,,
2017-04-28,GS,skip_buy_notional_below_fee_threshold,,,,,,23.558434638486688,2300.0,,,,,,
2017-04-28,LNC,skip_buy_notional_below_fee_threshold,,,,,,13.81537091978953,2300.0,,,,,,
2017-04-28,RF,skip_buy_notional_below_fee_threshold,,,,,,101.51193130759793,2300.0,,,,,,
2017-04-28,ZION,skip_buy_notional_below_fee_threshold,,,,,,131.44323239180585,2300.0,,,,,,
2017-07-31,APO,skip_sell_notional_below_fee_threshold,,,,,,256.39361463322757,2300.0,,,,,,
2017-07-31,CSX,skip_buy_notional_below_fee_threshold,,,,,,61.62576177295159,2300.0,,,,,,
2017-07-31,IDXX,skip_buy_notional_below_fee_threshold,,,,,,0.15341680711162553,2300.0,,,,,,
2017-07-31,WDC,skip_buy_notional_below_fee_threshold,,,,,,106.05461246797267,2300.0,,,,,,
2017-10-31,CSX,open_close_ratio_anomaly_exit_alert,4.58720588684082,15.039119720458984,0.305018243893654,0.3333333333333333,3.0,,,,,,,,
2017-10-31,AMAT,skip_sell_notional_below_fee_threshold,,,,,,736.1652324571987,2300.0,,,,,,
2017-10-31,APO,skip_sell_notional_below_fee_threshold,,,,,,589.5695391292684,2300.0,,,,,,
2017-10-31,IPGP,skip_sell_notional_below_fee_threshold,,,,,,1088.12782503977,2300.0,,,,,,
2017-10-31,LRCX,skip_sell_notional_below_fee_threshold,,,,,,812.780558950838,2300.0,,,,,,
2017-10-31,NOW,skip_sell_notional_below_fee_threshold,,,,,,260.4054417588054,2300.0,,,,,,
2017-10-31,PENN,skip_sell_notional_below_fee_threshold,,,,,,755.6568758694466,2300.0,,,,,,
2017-10-31,WYNN,skip_sell_notional_below_fee_threshold,,,,,,262.3380826797088,2300.0,,,,,,
2018-01-31,LRCX,open_close_ratio_anomaly_exit_alert,1.5363136529922485,17.09136390686035,0.08988830039336902,0.3333333333333333,3.0,,,,,,,,
2018-01-31,NOW,open_close_ratio_anomaly_exit_alert,5.947199821472168,29.77400016784668,0.19974473661401482,0.3333333333333333,3.0,,,,,,,,
2018-01-31,ODFL,open_close_ratio_anomaly_exit_alert,15.318432807922363,47.11888885498047,0.3251017411524382,0.3333333333333333,3.0,,,,,,,,
2018-01-31,APO,skip_sell_notional_below_fee_threshold,,,,,,1490.7897996896036,2300.0,,,,,,
2018-01-31,BA,skip_sell_notional_below_fee_threshold,,,,,,1125.8896256504395,2300.0,,,,,,
2018-01-31,CAT,skip_sell_notional_below_fee_threshold,,,,,,569.4945064979156,2300.0,,,,,,
2018-01-31,NRG,skip_sell_notional_below_fee_threshold,,,,,,57.60123820345234,2300.0,,,,,,
2018-01-31,PENN,skip_sell_notional_below_fee_threshold,,,,,,2004.9795223516603,2300.0,,,,,,
2018-01-31,TPL,skip_sell_notional_below_fee_threshold,,,,,,930.12966811747,2300.0,,,,,,
2018-01-31,NVR,skip_buy_notional_below_fee_threshold,,,,,,172.30954613405584,2300.0,,,,,,
2018-04-30,BA,skip_sell_notional_below_fee_threshold,,,,,,1176.9293507677235,2300.0,,,,,,
2018-04-30,DINO,skip_sell_notional_below_fee_threshold,,,,,,552.7162289816174,2300.0,,,,,,
2018-04-30,IBKR,skip_sell_notional_below_fee_threshold,,,,,,242.06680204936583,2300.0,,,,,,
2018-04-30,TKO,skip_sell_notional_below_fee_threshold,,,,,,154.57516019183595,2300.0,,,,,,
2018-04-30,TPL,skip_sell_notional_below_fee_threshold,,,,,,1309.3388170130124,2300.0,,,,,,
2018-04-30,URBN,skip_sell_notional_below_fee_threshold,,,,,,295.08964565843917,2300.0,,,,,,
2018-07-31,IBKR,open_close_ratio_anomaly_exit_alert,3.4049324989318848,14.274144172668457,0.23853846911897592,0.3333333333333333,3.0,,,,,,,,
2018-07-31,TPL,open_close_ratio_anomaly_exit_alert,7.321922302246094,73.7157211303711,0.09932646917062364,0.3333333333333333,3.0,,,,,,,,
2018-07-31,ODFL,open_close_ratio_anomaly_exit_alert,14.885865211486816,47.31568908691406,0.3146073849657565,0.3333333333333333,3.0,,,,,,,,
2018-07-31,ADBE,skip_sell_notional_below_fee_threshold,,,,,,204.99076109435646,2300.0,,,,,,
2018-07-31,AMZN,skip_sell_notional_below_fee_threshold,,,,,,286.39067585190196,2300.0,,,,,,
2018-07-31,CSGP,skip_sell_notional_below_fee_threshold,,,,,,284.35956800528766,2300.0,,,,,,
2018-07-31,FTNT,skip_sell_notional_below_fee_threshold,,,,,,290.239544961858,2300.0,,,,,,
2018-07-31,KSS,skip_sell_notional_below_fee_threshold,,,,,,454.5531287054832,2300.0,,,,,,
2018-07-31,NOW,skip_sell_notional_below_fee_threshold,,,,,,85.84093241502615,2300.0,,,,,,
2018-07-31,NTAP,skip_sell_notional_below_fee_threshold,,,,,,380.1493446179975,2300.0,,,,,,
2018-07-31,URBN,skip_sell_notional_below_fee_threshold,,,,,,845.2964162727835,2300.0,,,,,,
2018-07-31,STX,skip_buy_notional_below_fee_threshold,,,,,,285.3456614504462,2300.0,,,,,,
2018-10-31,PANW,open_close_ratio_anomaly_exit_alert,5.02915620803833,30.506633758544922,0.1648545115742133,0.3333333333333333,3.0,,,,,,,,
2018-10-31,FTNT,open_close_ratio_anomaly_exit_alert,3.2423999309539795,16.43600082397461,0.19727426188884137,0.3333333333333333,3.0,,,,,,,,
2018-10-31,NOW,open_close_ratio_anomaly_exit_alert,6.972400188446045,36.20800018310547,0.19256518319670535,0.3333333333333333,3.0,,,,,,,,
2018-10-31,CSGP,open_close_ratio_anomaly_exit_alert,3.5116002559661865,36.14200210571289,0.09716119892016484,0.3333333333333333,3.0,,,,,,,,
2018-10-31,AMZN,skip_sell_notional_below_fee_threshold,,,,,,733.1755919171708,2300.0,,,,,,
2018-10-31,CRM,skip_sell_notional_below_fee_threshold,,,,,,496.9537329776638,2300.0,,,,,,
2018-10-31,DECK,skip_sell_notional_below_fee_threshold,,,,,,808.135359371762,2300.0,,,,,,
2018-10-31,GWW,skip_sell_notional_below_fee_threshold,,,,,,58.67515332572816,2300.0,,,,,,
2018-10-31,ILMN,skip_sell_notional_below_fee_threshold,,,,,,395.10492724718574,2300.0,,,,,,
2018-10-31,NTAP,skip_sell_notional_below_fee_threshold,,,,,,1183.4098981557556,2300.0,,,,,,
2018-10-31,PTC,skip_sell_notional_below_fee_threshold,,,,,,240.94919276549558,2300.0,,,,,,
2018-10-31,__ALL__,relax_buy_notional_threshold_full_block,,,,,,,2300.0,13.0,39316.22938460207,21639.145244230585,,,
2019-01-31,AMZN,open_close_ratio_anomaly_exit_alert,4.232125282287598,85.9365005493164,0.04924712148197036,0.3333333333333333,3.0,,,,,,,,
2019-01-31,TPL,open_close_ratio_anomaly_exit_alert,6.94481897354126,69.266357421875,0.10026251173052182,0.3333333333333333,3.0,,,,,,,,
2019-01-31,ISRG,open_close_ratio_anomaly_exit_alert,56.684329986572266,174.54649353027344,0.3247520407892978,0.3333333333333333,3.0,,,,,,,,
2019-01-31,TECH,open_close_ratio_anomaly_exit_alert,9.860709190368652,42.22370147705078,0.2335349305111987,0.3333333333333333,3.0,,,,,,,,
2019-01-31,AAP,skip_sell_notional_below_fee_threshold,,,,,,133.8137879641249,2300.0,,,,,,
2019-01-31,DECK,skip_sell_notional_below_fee_threshold,,,,,,1299.2566989591435,2300.0,,,,,,
2019-01-31,HCA,skip_sell_notional_below_fee_threshold,,,,,,215.63254099069127,2300.0,,,,,,
2019-01-31,ORLY,skip_sell_notional_below_fee_threshold,,,,,,261.3067726347774,2300.0,,,,,,
2019-01-31,__ALL__,relax_buy_notional_threshold_full_block,,,,,,,2300.0,16.0,30052.211270379088,22131.759215754533,,,
2019-04-30,ORLY,open_close_ratio_anomaly_exit_alert,1.660994291305542,25.238126754760742,0.06581289916820882,0.3333333333333333,3.0,,,,,,,,
2019-04-30,AES,skip_sell_notional_below_fee_threshold,,,,,,46.294819446230576,2300.0,,,,,,
2019-04-30,AZO,skip_sell_notional_below_fee_threshold,,,,,,264.86933178447816,2300.0,,,,,,
2019-04-30,BALL,skip_sell_notional_below_fee_threshold,,,,,,176.47300002285192,2300.0,,,,,,
2019-04-30,DECK,skip_sell_notional_below_fee_threshold,,,,,,2065.142784353158,2300.0,,,,,,
2019-04-30,KDP,skip_sell_notional_below_fee_threshold,,,,,,74.74427009420106,2300.0,,,,,,
2019-04-30,MRK,skip_sell_notional_below_fee_threshold,,,,,,62.33786702278098,2300.0,,,,,,
2019-04-30,SBUX,skip_sell_notional_below_fee_threshold,,,,,,172.8917508236384,2300.0,,,,,,
2019-04-30,ZBRA,skip_sell_notional_below_fee_threshold,,,,,,268.501048328387,2300.0,,,,,,
2019-04-30,__ALL__,relax_buy_notional_threshold_full_block,,,,,,,2300.0,12.0,27717.53624805342,12163.835770584674,,,
2019-07-31,DECK,open_close_ratio_anomaly_exit_alert,4.324183940887451,26.04671859741211,0.16601645711015142,0.3333333333333333,3.0,,,,,,,,
2019-07-31,BALL,skip_sell_notional_below_fee_threshold,,,,,,660.134483927693,2300.0,,,,,,
2019-07-31,CMG,skip_sell_notional_below_fee_threshold,,,,,,37.82909768436298,2300.0,,,,,,
2019-07-31,ERIE,skip_sell_notional_below_fee_threshold,,,,,,64.18470623151279,2300.0,,,,,,
2019-07-31,FICO,skip_sell_notional_below_fee_threshold,,,,,,130.10633622654564,2300.0,,,,,,
2019-07-31,SBUX,skip_sell_notional_below_fee_threshold,,,,,,701.3175082236548,2300.0,,,,,,
2019-07-31,__ALL__,relax_buy_notional_threshold_full_block,,,,,,,2300.0,15.0,24151.958326063334,15372.918750060893,,,
2019-10-31,NOW,open_close_ratio_anomaly_exit_alert,9.998400688171387,49.45199966430664,0.20218395122630423,0.3333333333333333,3.0,,,,,,,,
2019-10-31,CSGP,open_close_ratio_anomaly_exit_alert,5.496500492095947,54.952003479003906,0.10002365963228353,0.3333333333333333,3.0,,,,,,,,
2019-10-31,BALL,skip_sell_notional_below_fee_threshold,,,,,,829.0147666091021,2300.0,,,,,,
2019-10-31,BX,skip_sell_notional_below_fee_threshold,,,,,,182.41868148523068,2300.0,,,,,,
2019-10-31,CMG,skip_sell_notional_below_fee_threshold,,,,,,215.55533265165388,2300.0,,,,,,
2019-10-31,MKTX,skip_sell_notional_below_fee_threshold,,,,,,168.81658197199147,2300.0,,,,,,
2019-10-31,__ALL__,relax_buy_notional_threshold_full_block,,,,,,,2300.0,16.0,20053.565585355947,14647.04710556678,,,
2020-01-31,CMG,open_close_ratio_anomaly_exit_alert,0.3518039882183075,17.3351993560791,0.02029419916044617,0.3333333333333333,3.0,,,,,,,,
2020-01-31,CTAS,open_close_ratio_anomaly_exit_alert,15.756444931030273,65.92562866210938,0.2390033322516689,0.3333333333333333,3.0,,,,,,,,
2020-01-31,BLDR,skip_sell_notional_below_fee_threshold,,,,,,124.18953821978903,2300.0,,,,,,
2020-01-31,BX,skip_sell_notional_below_fee_threshold,,,,,,519.6054148936297,2300.0,,,,,,
2020-01-31,GNRC,skip_sell_notional_below_fee_threshold,,,,,,102.7206586349215,2300.0,,,,,,
2020-01-31,KLAC,skip_sell_notional_below_fee_threshold,,,,,,24.755061309018625,2300.0,,,,,,
2020-01-31,LRCX,skip_sell_notional_below_fee_threshold,,,,,,131.6378493327278,2300.0,,,,,,
2020-01-31,TER,skip_sell_notional_below_fee_threshold,,,,,,108.84376438092931,2300.0,,,,,,
2020-01-31,__ALL__,relax_buy_notional_threshold_full_block,,,,,,,2300.0,14.0,17089.902541345906,10951.179492171117,,,
2020-04-30,LRCX,open_close_ratio_anomaly_exit_alert,2.414952278137207,23.92239761352539,0.10094942476718248,0.3333333333333333,3.0,,,,,,,,
2020-04-30,AAPL,skip_sell_notional_below_fee_threshold,,,,,,83.44764715414794,2300.0,,,,,,
2020-04-30,GNRC,skip_sell_notional_below_fee_threshold,,,,,,261.43392676399844,2300.0,,,,,,
2020-04-30,PODD,skip_sell_notional_below_fee_threshold,,,,,,142.49818332652626,2300.0,,,,,,
2020-04-30,TYL,skip_sell_notional_below_fee_threshold,,,,,,113.26046477832791,2300.0,,,,,,
2020-04-30,__ALL__,relax_buy_notional_threshold_full_block,,,,,,,2300.0,16.0,12779.065801643106,9622.612419291483,,,
2020-07-31,AAPL,skip_sell_notional_below_fee_threshold,,,,,,336.55378632198654,2300.0,,,,,,
2020-07-31,DXCM,skip_sell_notional_below_fee_threshold,,,,,,40.18595516710491,2300.0,,,,,,
2020-07-31,FTNT,skip_sell_notional_below_fee_threshold,,,,,,31.106151873948647,2300.0,,,,,,
2020-07-31,GNRC,skip_sell_notional_below_fee_threshold,,,,,,744.7348187903817,2300.0,,,,,,
2020-07-31,ODFL,skip_sell_notional_below_fee_threshold,,,,,,17.102630280208928,2300.0,,,,,,
2020-07-31,__ALL__,relax_buy_notional_threshold_full_block,,,,,,,2300.0,15.0,14227.433288463239,6916.902026904722,,,
2020-10-30,AMZN,open_close_ratio_anomaly_exit_alert,7.894374847412109,151.8074951171875,0.05200253677407734,0.3333333333333333,3.0,,,,,,,,
2020-10-30,FTNT,open_close_ratio_anomaly_exit_alert,4.72320032119751,22.07400131225586,0.21397118965355452,0.3333333333333333,3.0,,,,,,,,
2020-10-30,AAPL,skip_sell_notional_below_fee_threshold,,,,,,505.17065516197545,2300.0,,,,,,
2020-10-30,GNRC,skip_sell_notional_below_fee_threshold,,,,,,1371.544334752455,2300.0,,,,,,
2020-10-30,NOW,skip_sell_notional_below_fee_threshold,,,,,,84.62796907460859,2300.0,,,,,,
2020-10-30,WST,skip_sell_notional_below_fee_threshold,,,,,,14.675324789464185,2300.0,,,,,,
2020-10-30,__ALL__,relax_buy_notional_threshold_full_block,,,,,,,2300.0,16.0,11406.626314758872,6030.883507333011,,,
2020-10-30,GNRC,skip_risk_cap_notional_below_fee_threshold,,,,,,286.08170327656694,2300.0,,,,,,
2020-11-02,GNRC,skip_risk_cap_notional_below_fee_threshold,,,,,,289.10901417315245,2300.0,,,,,,
2020-11-03,GNRC,skip_risk_cap_notional_below_fee_threshold,,,,,,327.4384147877224,2300.0,,,,,,
2020-11-04,GNRC,skip_risk_cap_notional_below_fee_threshold,,,,,,294.5594794760509,2300.0,,,,,,
2020-11-05,GNRC,skip_risk_cap_notional_below_fee_threshold,,,,,,321.9925437335421,2300.0,,,,,,
2020-11-06,GNRC,skip_risk_cap_notional_below_fee_threshold,,,,,,346.1275527322923,2300.0,,,,,,
2020-11-09,GNRC,skip_risk_cap_notional_below_fee_threshold,,,,,,330.16526110999575,2300.0,,,,,,
2020-11-10,GNRC,skip_risk_cap_notional_below_fee_threshold,,,,,,305.04227830244963,2300.0,,,,,,
2020-11-11,GNRC,skip_risk_cap_notional_below_fee_threshold,,,,,,327.07917586992176,2300.0,,,,,,
2020-11-12,GNRC,skip_risk_cap_notional_below_fee_threshold,,,,,,297.40748461028807,2300.0,,,,,,
2020-11-13,GNRC,skip_risk_cap_notional_below_fee_threshold,,,,,,253.7725700180522,2300.0,,,,,,
2020-11-16,GNRC,skip_risk_cap_notional_below_fee_threshold,,,,,,219.9312661470822,2300.0,,,,,,
2020-11-17,GNRC,skip_risk_cap_notional_below_fee_threshold,,,,,,191.17183117145896,2300.0,,,,,,
2020-11-18,GNRC,skip_risk_cap_notional_below_fee_threshold,,,,,,219.12038286015147,2300.0,,,,,,
2020-11-19,GNRC,skip_risk_cap_notional_below_fee_threshold,,,,,,232.63168105255772,2300.0,,,,,,
2020-11-20,GNRC,skip_risk_cap_notional_below_fee_threshold,,,,,,280.6461923846896,2300.0,,,,,,
2020-11-23,GNRC,skip_risk_cap_notional_below_fee_threshold,,,,,,240.94424591934444,2300.0,,,,,,
2020-11-24,GNRC,skip_risk_cap_notional_below_fee_threshold,,,,,,211.68417953550193,2300.0,,,,,,
2020-11-25,GNRC,skip_risk_cap_notional_below_fee_threshold,,,,,,224.12670378866918,2300.0,,,,,,
2020-11-27,GNRC,skip_risk_cap_notional_below_fee_threshold,,,,,,252.3154423398314,2300.0,,,,,,
2020-11-30,GNRC,skip_risk_cap_notional_below_fee_threshold,,,,,,210.79916713807665,2300.0,,,,,,
2020-12-01,GNRC,skip_risk_cap_notional_below_fee_threshold,,,,,,182.7784477127334,2300.0,,,,,,
2020-12-02,GNRC,skip_risk_cap_notional_below_fee_threshold,,,,,,179.41599408843126,2300.0,,,,,,
2020-12-03,GNRC,skip_risk_cap_notional_below_fee_threshold,,,,,,140.4515853163848,2300.0,,,,,,
2020-12-04,GNRC,skip_risk_cap_notional_below_fee_threshold,,,,,,122.7247958062644,2300.0,,,,,,
2020-12-07,GNRC,skip_risk_cap_notional_below_fee_threshold,,,,,,145.03651834100378,2300.0,,,,,,
2020-12-08,GNRC,skip_risk_cap_notional_below_fee_threshold,,,,,,206.65010225488163,2300.0,,,,,,
2020-12-09,GNRC,skip_risk_cap_notional_below_fee_threshold,,,,,,161.83123923344283,2300.0,,,,,,
2020-12-10,GNRC,skip_risk_cap_notional_below_fee_threshold,,,,,,169.81040884564845,2300.0,,,,,,
2020-12-11,GNRC,skip_risk_cap_notional_below_fee_threshold,,,,,,233.22916923311092,2300.0,,,,,,
2020-12-14,GNRC,skip_risk_cap_notional_below_fee_threshold,,,,,,236.69679251140272,2300.0,,,,,,
2020-12-15,GNRC,skip_risk_cap_notional_below_fee_threshold,,,,,,261.6572239091945,2300.0,,,,,,
2020-12-16,GNRC,skip_risk_cap_notional_below_fee_threshold,,,,,,219.95589628918356,2300.0,,,,,,
2020-12-17,GNRC,skip_risk_cap_notional_below_fee_threshold,,,,,,172.29466469651038,2300.0,,,,,,
2020-12-18,GNRC,skip_risk_cap_notional_below_fee_threshold,,,,,,165.09446977784,2300.0,,,,,,
2020-12-21,GNRC,skip_risk_cap_notional_below_fee_threshold,,,,,,279.6107980132822,2300.0,,,,,,
2020-12-22,GNRC,skip_risk_cap_notional_below_fee_threshold,,,,,,246.74779104799018,2300.0,,,,,,
2020-12-23,GNRC,skip_risk_cap_notional_below_fee_threshold,,,,,,252.99671685524163,2300.0,,,,,,
2020-12-24,GNRC,skip_risk_cap_notional_below_fee_threshold,,,,,,294.2008639674084,2300.0,,,,,,
2020-12-28,GNRC,skip_risk_cap_notional_below_fee_threshold,,,,,,303.73831605300575,2300.0,,,,,,
2020-12-29,GNRC,skip_risk_cap_notional_below_fee_threshold,,,,,,221.87676601018302,2300.0,,,,,,
2020-12-30,GNRC,skip_risk_cap_notional_below_fee_threshold,,,,,,275.4942134540561,2300.0,,,,,,
2020-12-31,GNRC,skip_risk_cap_notional_below_fee_threshold,,,,,,270.15827401502816,2300.0,,,,,,
2021-01-04,GNRC,skip_risk_cap_notional_below_fee_threshold,,,,,,261.3017276181131,2300.0,,,,,,
2021-01-05,GNRC,skip_risk_cap_notional_below_fee_threshold,,,,,,270.5975309682867,2300.0,,,,,,
2021-01-06,GNRC,skip_risk_cap_notional_below_fee_threshold,,,,,,409.64088195183876,2300.0,,,,,,
2021-01-07,GNRC,skip_risk_cap_notional_below_fee_threshold,,,,,,435.1751361221775,2300.0,,,,,,
2021-01-08,GNRC,skip_risk_cap_notional_below_fee_threshold,,,,,,415.2977505756917,2300.0,,,,,,
2021-01-11,GNRC,skip_risk_cap_notional_below_fee_threshold,,,,,,485.4041229021134,2300.0,,,,,,
2021-01-12,GNRC,skip_risk_cap_notional_below_fee_threshold,,,,,,467.18382190928355,2300.0,,,,,,
2021-01-13,GNRC,skip_risk_cap_notional_below_fee_threshold,,,,,,413.98996358884324,2300.0,,,,,,
2021-01-14,GNRC,skip_risk_cap_notional_below_fee_threshold,,,,,,415.3373872821285,2300.0,,,,,,
2021-01-15,GNRC,skip_risk_cap_notional_below_fee_threshold,,,,,,417.3024676329469,2300.0,,,,,,
2021-01-19,GNRC,skip_risk_cap_notional_below_fee_threshold,,,,,,515.8981384760457,2300.0,,,,,,
2021-01-20,GNRC,skip_risk_cap_notional_below_fee_threshold,,,,,,489.1340846743626,2300.0,,,,,,
2021-01-21,GNRC,skip_risk_cap_notional_below_fee_threshold,,,,,,509.397927143845,2300.0,,,,,,
2021-01-22,GNRC,skip_risk_cap_notional_below_fee_threshold,,,,,,539.961329445079,2300.0,,,,,,
2021-01-25,GNRC,skip_risk_cap_notional_below_fee_threshold,,,,,,474.6621707038132,2300.0,,,,,,
2021-01-26,GNRC,skip_risk_cap_notional_below_fee_threshold,,,,,,463.5570515705324,2300.0,,,,,,
2021-01-27,GNRC,skip_risk_cap_notional_below_fee_threshold,,,,,,371.2700201622131,2300.0,,,,,,
2021-01-28,GNRC,skip_risk_cap_notional_below_fee_threshold,,,,,,392.0485976566556,2300.0,,,,,,
2021-01-29,DXCM,open_close_ratio_anomaly_exit_alert,22.660625457763672,93.7125015258789,0.24181005830375676,0.3333333333333333,3.0,,,,,,,,
2021-01-29,NOW,open_close_ratio_anomaly_exit_alert,21.96320152282715,108.63199615478516,0.20217985768698116,0.3333333333333333,3.0,,,,,,,,
2021-01-29,CMG,open_close_ratio_anomaly_exit_alert,0.5897679924964905,29.599998474121094,0.019924595368209806,0.3333333333333333,3.0,,,,,,,,
2021-01-29,AAPL,skip_sell_notional_below_fee_threshold,,,,,,797.8093122722139,2300.0,,,,,,
2021-01-29,BBWI,skip_sell_notional_below_fee_threshold,,,,,,5.4656716905636245,2300.0,,,,,,
2021-01-29,FCX,skip_sell_notional_below_fee_threshold,,,,,,117.82393770622042,2300.0,,,,,,
2021-01-29,GNRC,skip_sell_notional_below_fee_threshold,,,,,,1768.863469970603,2300.0,,,,,,
2021-01-29,__ALL__,relax_buy_notional_threshold_full_block,,,,,,,2300.0,16.0,10163.25005202996,5073.963393107272,,,
2021-01-29,GNRC,skip_risk_cap_notional_below_fee_threshold,,,,,,807.7384647676074,2300.0,,,,,,
2021-02-01,GNRC,skip_risk_cap_notional_below_fee_threshold,,,,,,876.3211683431061,2300.0,,,,,,
2021-02-02,GNRC,skip_risk_cap_notional_below_fee_threshold,,,,,,913.3429923021631,2300.0,,,,,,
2021-02-03,GNRC,skip_risk_cap_notional_below_fee_threshold,,,,,,896.3782972694532,2300.0,,,,,,
2021-02-04,GNRC,skip_risk_cap_notional_below_fee_threshold,,,,,,848.2311249364263,2300.0,,,,,,
2021-02-05,GNRC,skip_risk_cap_notional_below_fee_threshold,,,,,,893.7515361354942,2300.0,,,,,,
2021-02-08,GNRC,skip_risk_cap_notional_below_fee_threshold,,,,,,951.7051156423961,2300.0,,,,,,
2021-02-09,GNRC,skip_risk_cap_notional_below_fee_threshold,,,,,,931.6436093578245,2300.0,,,,,,
2021-02-10,GNRC,skip_risk_cap_notional_below_fee_threshold,,,,,,958.4016408828761,2300.0,,,,,,
2021-02-11,GNRC,skip_risk_cap_notional_below_fee_threshold,,,,,,1257.193707401863,2300.0,,,,,,
2021-02-12,GNRC,skip_risk_cap_notional_below_fee_threshold,,,,,,1332.1566713722243,2300.0,,,,,,
2021-02-16,GNRC,skip_risk_cap_notional_below_fee_threshold,,,,,,1513.6666618978636,2300.0,,,,,,
2021-02-17,GNRC,skip_risk_cap_notional_below_fee_threshold,,,,,,1560.980608945936,2300.0,,,,,,
2021-02-18,GNRC,skip_risk_cap_notional_below_fee_threshold,,,,,,1547.427883131273,2300.0,,,,,,
2021-02-19,GNRC,skip_risk_cap_notional_below_fee_threshold,,,,,,1607.5925178651805,2300.0,,,,,,
2021-02-22,GNRC,skip_risk_cap_notional_below_fee_threshold,,,,,,1408.3458831858513,2300.0,,,,,,
2021-02-23,GNRC,skip_risk_cap_notional_below_fee_threshold,,,,,,1384.4339574845364,2300.0,,,,,,
2021-02-24,GNRC,skip_risk_cap_notional_below_fee_threshold,,,,,,1282.534109228697,2300.0,,,,,,
2021-02-25,GNRC,skip_risk_cap_notional_below_fee_threshold,,,,,,1262.6290732143154,2300.0,,,,,,
2021-02-26,GNRC,skip_risk_cap_notional_below_fee_threshold,,,,,,1360.972705950123,2300.0,,,,,,
2021-03-01,GNRC,skip_risk_cap_notional_below_fee_threshold,,,,,,1453.269538024784,2300.0,,,,,,
2021-03-02,GNRC,skip_risk_cap_notional_below_fee_threshold,,,,,,1410.5557790048706,2300.0,,,,,,
2021-03-03,GNRC,skip_risk_cap_notional_below_fee_threshold,,,,,,1279.7280113860577,2300.0,,,,,,
2021-03-04,GNRC,skip_risk_cap_notional_below_fee_threshold,,,,,,1215.7924850197028,2300.0,,,,,,
2021-03-05,GNRC,skip_risk_cap_notional_below_fee_threshold,,,,,,1196.603615984891,2300.0,,,,,,
2021-03-08,GNRC,skip_risk_cap_notional_below_fee_threshold,,,,,,1116.0602230124837,2300.0,,,,,,
2021-03-09,GNRC,skip_risk_cap_notional_below_fee_threshold,,,,,,1203.9598727642576,2300.0,,,,,,
2021-03-10,GNRC,skip_risk_cap_notional_below_fee_threshold,,,,,,1233.9833171749713,2300.0,,,,,,
2021-03-11,GNRC,skip_risk_cap_notional_below_fee_threshold,,,,,,1329.303937767844,2300.0,,,,,,
2021-03-12,GNRC,skip_risk_cap_notional_below_fee_threshold,,,,,,1304.684656474534,2300.0,,,,,,
2021-03-15,GNRC,skip_risk_cap_notional_below_fee_threshold,,,,,,1356.5947084439435,2300.0,,,,,,
2021-03-16,GNRC,skip_risk_cap_notional_below_fee_threshold,,,,,,1280.7723898004406,2300.0,,,,,,
2021-03-17,GNRC,skip_risk_cap_notional_below_fee_threshold,,,,,,1194.0099267526628,2300.0,,,,,,
2021-03-18,GNRC,skip_risk_cap_notional_below_fee_threshold,,,,,,1153.4501545074083,2300.0,,,,,,
2021-03-19,GNRC,skip_risk_cap_notional_below_fee_threshold,,,,,,1136.7365992648738,2300.0,,,,,,
2021-03-22,GNRC,skip_risk_cap_notional_below_fee_threshold,,,,,,1202.2442798043764,2300.0,,,,,,
2021-03-23,GNRC,skip_risk_cap_notional_below_fee_threshold,,,,,,1164.6176001075823,2300.0,,,,,,
2021-03-24,GNRC,skip_risk_cap_notional_below_fee_threshold,,,,,,1130.4214830996855,2300.0,,,,,,
2021-03-25,GNRC,skip_risk_cap_notional_below_fee_threshold,,,,,,1142.7984240792186,2300.0,,,,,,
2021-03-26,GNRC,skip_risk_cap_notional_below_fee_threshold,,,,,,1228.1038356625356,2300.0,,,,,,
2021-03-29,GNRC,skip_risk_cap_notional_below_fee_threshold,,,,,,1155.2905304750768,2300.0,,,,,,
2021-03-30,GNRC,skip_risk_cap_notional_below_fee_threshold,,,,,,1246.2307914131636,2300.0,,,,,,
2021-03-31,GNRC,skip_risk_cap_notional_below_fee_threshold,,,,,,1309.545830997156,2300.0,,,,,,
2021-04-01,GNRC,skip_risk_cap_notional_below_fee_threshold,,,,,,1269.9416121875886,2300.0,,,,,,
2021-04-05,GNRC,skip_risk_cap_notional_below_fee_threshold,,,,,,1257.0405483114055,2300.0,,,,,,
2021-04-06,GNRC,skip_risk_cap_notional_below_fee_threshold,,,,,,1326.267844749085,2300.0,,,,,,
2021-04-07,GNRC,skip_risk_cap_notional_below_fee_threshold,,,,,,1270.4347824257936,2300.0,,,,,,
2021-04-08,GNRC,skip_risk_cap_notional_below_fee_threshold,,,,,,1296.0314092835106,2300.0,,,,,,
2021-04-09,GNRC,skip_risk_cap_notional_below_fee_threshold,,,,,,1269.1358560780093,2300.0,,,,,,
2021-04-12,GNRC,skip_risk_cap_notional_below_fee_threshold,,,,,,1253.4104622441048,2300.0,,,,,,
2021-04-13,GNRC,skip_risk_cap_notional_below_fee_threshold,,,,,,1249.77332651346,2300.0,,,,,,
2021-04-14,GNRC,skip_risk_cap_notional_below_fee_threshold,,,,,,1221.7016108204782,2300.0,,,,,,
2021-04-15,GNRC,skip_risk_cap_notional_below_fee_threshold,,,,,,1213.1714466089052,2300.0,,,,,,
2021-04-16,GNRC,skip_risk_cap_notional_below_fee_threshold,,,,,,1249.3364698947348,2300.0,,,,,,
2021-04-19,GNRC,skip_risk_cap_notional_below_fee_threshold,,,,,,1158.7807263556133,2300.0,,,,,,
2021-04-20,GNRC,skip_risk_cap_notional_below_fee_threshold,,,,,,1152.86060435336,2300.0,,,,,,
2021-04-21,GNRC,skip_risk_cap_notional_below_fee_threshold,,,,,,1203.0258709443017,2300.0,,,,,,
2021-04-22,GNRC,skip_risk_cap_notional_below_fee_threshold,,,,,,1204.6873122533339,2300.0,,,,,,
2021-04-23,GNRC,skip_risk_cap_notional_below_fee_threshold,,,,,,1242.950452989957,2300.0,,,,,,
2021-04-26,GNRC,skip_risk_cap_notional_below_fee_threshold,,,,,,1232.898582522772,2300.0,,,,,,
2021-04-27,GNRC,skip_risk_cap_notional_below_fee_threshold,,,,,,1236.416911694387,2300.0,,,,,,
2021-04-28,GNRC,skip_risk_cap_notional_below_fee_threshold,,,,,,1115.8978806192515,2300.0,,,,,,
2021-04-29,GNRC,skip_risk_cap_notional_below_fee_threshold,,,,,,1283.0274882703532,2300.0,,,,,,
2021-04-30,TSLA,open_close_ratio_anomaly_exit_alert,74.176513671875,236.47975158691406,0.31366961938224425,0.3333333333333333,3.0,,,,,,,,
2021-04-30,BBWI,skip_sell_notional_below_fee_threshold,,,,,,262.2857579816076,2300.0,,,,,,
2021-04-30,__ALL__,relax_buy_notional_threshold_full_block,,,,,,,2300.0,19.0,11362.773418172856,8779.05872990279,,,
2021-07-30,AMG,skip_sell_notional_below_fee_threshold,,,,,,7.1243050360462234,2300.0,,,,,,
2021-07-30,AN,skip_sell_notional_below_fee_threshold,,,,,,152.94310478491042,2300.0,,,,,,
2021-07-30,BBWI,skip_sell_notional_below_fee_threshold,,,,,,502.98559902279317,2300.0,,,,,,
2021-07-30,SLM,skip_sell_notional_below_fee_threshold,,,,,,27.0229083180522,2300.0,,,,,,
2021-07-30,THC,skip_sell_notional_below_fee_threshold,,,,,,127.25215819064562,2300.0,,,,,,
2021-07-30,__ALL__,relax_buy_notional_threshold_full_block,,,,,,,2300.0,15.0,10164.479489952579,4877.225457095235,,,
2021-10-29,BBWI,skip_sell_notional_below_fee_threshold,,,,,,606.6108831110648,2300.0,,,,,,
2021-10-29,SBNY,skip_sell_notional_below_fee_threshold,,,,,,183.24988819345478,2300.0,,,,,,
2021-10-29,THC,skip_sell_notional_below_fee_threshold,,,,,,158.12912699894054,2300.0,,,,,,
2021-10-29,__ALL__,relax_buy_notional_threshold_full_block,,,,,,,2300.0,17.0,9515.096835571656,6313.245493668412,,,
2022-01-31,FTNT,open_close_ratio_anomaly_exit_alert,11.28640079498291,59.447998046875,0.18985333679501765,0.3333333333333333,3.0,,,,,,,,
2022-01-31,BBWI,skip_sell_notional_below_fee_threshold,,,,,,523.1892012501222,2300.0,,,,,,
2022-01-31,BX,skip_sell_notional_below_fee_threshold,,,,,,12.968821741501984,2300.0,,,,,,
2022-01-31,SBNY,skip_sell_notional_below_fee_threshold,,,,,,318.3366400873673,2300.0,,,,,,
2022-01-31,THC,skip_sell_notional_below_fee_threshold,,,,,,298.66968117655676,2300.0,,,,,,
2022-01-31,__ALL__,relax_buy_notional_threshold_full_block,,,,,,,2300.0,16.0,7139.4947676948705,4214.854855686264,,,
2022-04-29,CF,skip_sell_notional_below_fee_threshold,,,,,,79.49577483718127,2300.0,,,,,,
2022-04-29,__ALL__,relax_buy_notional_threshold_full_block,,,,,,,2300.0,19.0,5631.796265241663,4993.198277190487,,,
2022-07-29,PANW,open_close_ratio_anomaly_exit_alert,13.672471046447754,83.1832504272461,0.16436567429408158,0.3333333333333333,3.0,,,,,,,,
2022-07-29,ABBV,skip_sell_notional_below_fee_threshold,,,,,,37.97787207810208,2300.0,,,,,,
2022-07-29,CF,skip_sell_notional_below_fee_threshold,,,,,,146.08934304846792,2300.0,,,,,,
2022-07-29,COP,skip_sell_notional_below_fee_threshold,,,,,,49.695778064847445,2300.0,,,,,,
2022-07-29,CVX,skip_sell_notional_below_fee_threshold,,,,,,55.122405243274784,2300.0,,,,,,
2022-07-29,EOG,skip_sell_notional_below_fee_threshold,,,,,,34.638001539262376,2300.0,,,,,,
2022-07-29,MCK,skip_sell_notional_below_fee_threshold,,,,,,67.97754405049153,2300.0,,,,,,
2022-07-29,__ALL__,relax_buy_notional_threshold_full_block,,,,,,,2300.0,14.0,4228.986414832735,2360.140464452345,,,
2022-10-31,CF,skip_sell_notional_below_fee_threshold,,,,,,196.34203614640174,2300.0,,,,,,
2022-10-31,COP,skip_sell_notional_below_fee_threshold,,,,,,141.28203010894444,2300.0,,,,,,
2022-10-31,MCK,skip_sell_notional_below_fee_threshold,,,,,,115.91138628542238,2300.0,,,,,,
2022-10-31,UNM,skip_sell_notional_below_fee_threshold,,,,,,20.39512542485795,2300.0,,,,,,
2022-10-31,__ALL__,relax_buy_notional_threshold_full_block,,,,,,,2300.0,16.0,4061.6590673043725,1335.8054287921934,,,
2023-01-31,COP,skip_sell_notional_below_fee_threshold,,,,,,177.50092534523307,2300.0,,,,,,
2023-01-31,MPC,skip_sell_notional_below_fee_threshold,,,,,,68.35083949289805,2300.0,,,,,,
2023-01-31,OXY,skip_sell_notional_below_fee_threshold,,,,,,10.515291442517253,2300.0,,,,,,
2023-01-31,UNM,skip_sell_notional_below_fee_threshold,,,,,,48.985030076079,2300.0,,,,,,
2023-01-31,VLO,skip_sell_notional_below_fee_threshold,,,,,,56.851924472539054,2300.0,,,,,,
2023-01-31,XOM,skip_sell_notional_below_fee_threshold,,,,,,44.68290799715061,2300.0,,,,,,
2023-01-31,__ALL__,relax_buy_notional_threshold_full_block,,,,,,,2300.0,14.0,3173.9055276951663,1703.6016241134848,,,
2023-04-28,TPL,open_close_ratio_anomaly_exit_alert,16.90648651123047,158.95298767089844,0.10636155229893647,0.3333333333333333,3.0,,,,,,,,
2023-04-28,TPL,forced_exit_fee_capped_to_avoid_negative_cash,,,,,,8.195351071588975,,,,,23.0,8.195351071643175,5.420019988378044e-11
2023-04-28,ACGL,skip_sell_notional_below_fee_threshold,,,,,,18.922806564244837,2300.0,,,,,,
2023-04-28,AXON,skip_sell_notional_below_fee_threshold,,,,,,9.733164459717997,2300.0,,,,,,
2023-04-28,MPC,skip_sell_notional_below_fee_threshold,,,,,,114.52033039579489,2300.0,,,,,,
2023-04-28,__ALL__,relax_buy_notional_threshold_full_block,,,,,,,2300.0,17.0,2045.427051980147,1595.4366927633673,,,
2023-07-31,ATI,skip_sell_notional_below_fee_threshold,,,,,,11.829985478091487,2300.0,,,,,,
2023-07-31,BLDR,skip_sell_notional_below_fee_threshold,,,,,,32.33459535889098,2300.0,,,,,,
2023-07-31,DECK,skip_sell_notional_below_fee_threshold,,,,,,4.7205196041019235,2300.0,,,,,,
2023-07-31,DHI,skip_sell_notional_below_fee_threshold,,,,,,6.49500670642216,2300.0,,,,,,
2023-07-31,FICO,skip_sell_notional_below_fee_threshold,,,,,,5.91713492637993,2300.0,,,,,,
2023-07-31,GE,skip_sell_notional_below_fee_threshold,,,,,,6.200953204283806,2300.0,,,,,,
2023-07-31,JBL,skip_sell_notional_below_fee_threshold,,,,,,24.792762888556013,2300.0,,,,,,
2023-07-31,PHM,skip_sell_notional_below_fee_threshold,,,,,,13.59198405669649,2300.0,,,,,,
2023-07-31,__ALL__,relax_buy_notional_threshold_full_block,,,,,,,2300.0,12.0,1512.7999756594263,801.7970431722333,,,
2023-10-31,PANW,forced_exit_fee_capped_to_avoid_negative_cash,,,,,,21.25523994279976,,,,,23.0,21.255239942960173,1.6041212802520022e-10
2023-10-31,DECK,open_close_ratio_anomaly_exit_alert,16.305620193481445,99.51020050048828,0.1638587814261457,0.3333333333333333,3.0,,,,,,,,
2023-10-31,CMG,open_close_ratio_anomaly_exit_alert,0.7632959485054016,38.843997955322266,0.019650293190297565,0.3333333333333333,3.0,,,,,,,,
2023-10-31,AVGO,skip_sell_notional_below_fee_threshold,,,,,,9.225955756922161,2300.0,,,,,,
2023-10-31,FICO,skip_sell_notional_below_fee_threshold,,,,,,50.304986980226,2300.0,,,,,,
2023-10-31,GE,skip_sell_notional_below_fee_threshold,,,,,,45.85694861143672,2300.0,,,,,,
2023-10-31,META,skip_sell_notional_below_fee_threshold,,,,,,9.412024299974654,2300.0,,,,,,
2023-10-31,PHM,skip_sell_notional_below_fee_threshold,,,,,,45.95003761213167,2300.0,,,,,,
2023-10-31,RCL,skip_sell_notional_below_fee_threshold,,,,,,2.004862038924955,2300.0,,,,,,
2023-10-31,__ALL__,relax_buy_notional_threshold_full_block,,,,,,,2300.0,14.0,640.4206538319004,285.53964238271413,,,
2023-12-01,FICO,skip_risk_cap_notional_below_fee_threshold,,,,,,2.613562814308679,2300.0,,,,,,
2023-12-04,FICO,skip_risk_cap_notional_below_fee_threshold,,,,,,2.2148155415676176,2300.0,,,,,,
2023-12-05,FICO,skip_risk_cap_notional_below_fee_threshold,,,,,,3.193447970472562,2300.0,,,,,,
2023-12-06,FICO,skip_risk_cap_notional_below_fee_threshold,,,,,,1.2397732790095972,2300.0,,,,,,
2023-12-07,FICO,skip_risk_cap_notional_below_fee_threshold,,,,,,1.0860144018044195,2300.0,,,,,,
2023-12-08,FICO,skip_risk_cap_notional_below_fee_threshold,,,,,,1.6753932614319922,2300.0,,,,,,
2023-12-11,FICO,skip_risk_cap_notional_below_fee_threshold,,,,,,2.228730873234028,2300.0,,,,,,
2023-12-12,FICO,skip_risk_cap_notional_below_fee_threshold,,,,,,2.6331533101885327,2300.0,,,,,,
2023-12-13,FICO,skip_risk_cap_notional_below_fee_threshold,,,,,,2.919088455143779,2300.0,,,,,,
2023-12-20,FICO,skip_risk_cap_notional_below_fee_threshold,,,,,,0.5248242404769883,2300.0,,,,,,
2023-12-21,FICO,skip_risk_cap_notional_below_fee_threshold,,,,,,0.3306358287397444,2300.0,,,,,,
2023-12-22,FICO,skip_risk_cap_notional_below_fee_threshold,,,,,,0.6316883910750022,2300.0,,,,,,
2023-12-27,FICO,skip_risk_cap_notional_below_fee_threshold,,,,,,0.13935622365644917,2300.0,,,,,,
2023-12-28,FICO,skip_risk_cap_notional_below_fee_threshold,,,,,,0.10609893530913439,2300.0,,,,,,
2024-01-10,FICO,skip_risk_cap_notional_below_fee_threshold,,,,,,2.68133429647726,2300.0,,,,,,
2024-01-11,FICO,skip_risk_cap_notional_below_fee_threshold,,,,,,3.662819489188763,2300.0,,,,,,
2024-01-12,FICO,skip_risk_cap_notional_below_fee_threshold,,,,,,5.1249009184314795,2300.0,,,,,,
2024-01-16,FICO,skip_risk_cap_notional_below_fee_threshold,,,,,,4.896003277121338,2300.0,,,,,,
2024-01-17,FICO,skip_risk_cap_notional_below_fee_threshold,,,,,,5.63707429242254,2300.0,,,,,,
2024-01-18,FICO,skip_risk_cap_notional_below_fee_threshold,,,,,,6.427381518217118,2300.0,,,,,,
2024-01-19,FICO,skip_risk_cap_notional_below_fee_threshold,,,,,,6.056989869547181,2300.0,,,,,,
2024-01-22,FICO,skip_risk_cap_notional_below_fee_threshold,,,,,,7.706291730235151,2300.0,,,,,,
2024-01-23,FICO,skip_risk_cap_notional_below_fee_threshold,,,,,,8.158062875764287,2300.0,,,,,,
2024-01-24,FICO,skip_risk_cap_notional_below_fee_threshold,,,,,,7.530093340415775,2300.0,,,,,,
2024-01-25,FICO,skip_risk_cap_notional_below_fee_threshold,,,,,,7.8018314157517645,2300.0,,,,,,
2024-01-26,FICO,skip_risk_cap_notional_below_fee_threshold,,,,,,0.8169940307840875,2300.0,,,,,,
2024-01-29,FICO,skip_risk_cap_notional_below_fee_threshold,,,,,,2.3556938111868533,2300.0,,,,,,
2024-01-30,FICO,skip_risk_cap_notional_below_fee_threshold,,,,,,0.1905607995741434,2300.0,,,,,,
2024-01-31,AVGO,skip_sell_notional_below_fee_threshold,,,,,,21.674353137780365,2300.0,,,,,,
2024-01-31,FICO,skip_sell_notional_below_fee_threshold,,,,,,80.23907561353701,2300.0,,,,,,
2024-01-31,META,skip_sell_notional_below_fee_threshold,,,,,,17.21568039773203,2300.0,,,,,,
2024-01-31,PHM,skip_sell_notional_below_fee_threshold,,,,,,74.5619460006601,2300.0,,,,,,
2024-01-31,RCL,skip_sell_notional_below_fee_threshold,,,,,,14.761989692770321,2300.0,,,,,,
2024-01-31,__ALL__,relax_buy_notional_threshold_full_block,,,,,,,2300.0,15.0,728.7898193770562,338.13931969031233,,,
2024-01-31,FICO,skip_risk_cap_notional_below_fee_threshold,,,,,,7.360093675831408,2300.0,,,,,,
2024-01-31,PHM,skip_risk_cap_notional_below_fee_threshold,,,,,,1.6829640629544969,2300.0,,,,,,
2024-02-01,FICO,skip_risk_cap_notional_below_fee_threshold,,,,,,10.471694084390663,2300.0,,,,,,
2024-02-01,PHM,skip_risk_cap_notional_below_fee_threshold,,,,,,2.78276212622076,2300.0,,,,,,
2024-02-02,FICO,skip_risk_cap_notional_below_fee_threshold,,,,,,9.973840541662,2300.0,,,,,,
2024-02-02,PHM,skip_risk_cap_notional_below_fee_threshold,,,,,,0.297511346060233,2300.0,,,,,,
2024-02-05,FICO,skip_risk_cap_notional_below_fee_threshold,,,,,,10.61761546183007,2300.0,,,,,,
2024-02-06,FICO,skip_risk_cap_notional_below_fee_threshold,,,,,,11.491881112904892,2300.0,,,,,,
2024-02-07,FICO,skip_risk_cap_notional_below_fee_threshold,,,,,,12.637026757452489,2300.0,,,,,,
2024-02-08,FICO,skip_risk_cap_notional_below_fee_threshold,,,,,,15.756256416482685,2300.0,,,,,,
2024-02-09,FICO,skip_risk_cap_notional_below_fee_threshold,,,,,,16.193627541072928,2300.0,,,,,,
2024-02-12,FICO,skip_risk_cap_notional_below_fee_threshold,,,,,,13.793436983302016,2300.0,,,,,,
2024-02-13,FICO,skip_risk_cap_notional_below_fee_threshold,,,,,,12.297939657704873,2300.0,,,,,,
2024-02-14,FICO,skip_risk_cap_notional_below_fee_threshold,,,,,,13.670195548833236,2300.0,,,,,,
2024-02-15,FICO,skip_risk_cap_notional_below_fee_threshold,,,,,,13.98416625315339,2300.0,,,,,,
2024-02-16,FICO,skip_risk_cap_notional_below_fee_threshold,,,,,,13.228435538350737,2300.0,,,,,,
2024-02-20,FICO,skip_risk_cap_notional_below_fee_threshold,,,,,,11.313525878010395,2300.0,,,,,,
2024-02-21,FICO,skip_risk_cap_notional_below_fee_threshold,,,,,,10.249798328670238,2300.0,,,,,,
2024-02-22,FICO,skip_risk_cap_notional_below_fee_threshold,,,,,,12.123406534490057,2300.0,,,,,,
2024-02-23,FICO,skip_risk_cap_notional_below_fee_threshold,,,,,,11.609565472196552,2300.0,,,,,,
2024-02-26,FICO,skip_risk_cap_notional_below_fee_threshold,,,,,,12.120051001579426,2300.0,,,,,,
2024-02-27,FICO,skip_risk_cap_notional_below_fee_threshold,,,,,,10.76798477751774,2300.0,,,,,,
2024-02-27,PHM,skip_risk_cap_notional_below_fee_threshold,,,,,,0.018900596204261433,2300.0,,,,,,
2024-02-28,FICO,skip_risk_cap_notional_below_fee_threshold,,,,,,10.90339345054015,2300.0,,,,,,
2024-02-29,FICO,skip_risk_cap_notional_below_fee_threshold,,,,,,9.91854589057391,2300.0,,,,,,
2024-02-29,PHM,skip_risk_cap_notional_below_fee_threshold,,,,,,1.3787341010449836,2300.0,,,,,,
2024-03-01,FICO,skip_risk_cap_notional_below_fee_threshold,,,,,,10.524954049918009,2300.0,,,,,,
2024-03-01,PHM,skip_risk_cap_notional_below_fee_threshold,,,,,,2.528095899485564,2300.0,,,,,,
2024-03-04,FICO,skip_risk_cap_notional_below_fee_threshold,,,,,,11.053528705567972,2300.0,,,,,,
2024-03-04,PHM,skip_risk_cap_notional_below_fee_threshold,,,,,,2.276748330589797,2300.0,,,,,,
2024-03-05,FICO,skip_risk_cap_notional_below_fee_threshold,,,,,,8.591338583211169,2300.0,,,,,,
2024-03-05,PHM,skip_risk_cap_notional_below_fee_threshold,,,,,,2.858321485235251,2300.0,,,,,,
2024-03-06,FICO,skip_risk_cap_notional_below_fee_threshold,,,,,,10.228220268136752,2300.0,,,,,,
2024-03-06,PHM,skip_risk_cap_notional_below_fee_threshold,,,,,,3.165580741834802,2300.0,,,,,,
2024-03-07,FICO,skip_risk_cap_notional_below_fee_threshold,,,,,,13.136692294587633,2300.0,,,,,,
2024-03-07,PHM,skip_risk_cap_notional_below_fee_threshold,,,,,,4.016748673013197,2300.0,,,,,,
2024-03-08,FICO,skip_risk_cap_notional_below_fee_threshold,,,,,,11.124640240248695,2300.0,,,,,,
2024-03-08,PHM,skip_risk_cap_notional_below_fee_threshold,,,,,,4.1773786338252705,2300.0,,,,,,
2024-03-11,FICO,skip_risk_cap_notional_below_fee_threshold,,,,,,10.503106425970342,2300.0,,,,,,
2024-03-11,PHM,skip_risk_cap_notional_below_fee_threshold,,,,,,3.3425949835248048,2300.0,,,,,,
2024-03-12,FICO,skip_risk_cap_notional_below_fee_threshold,,,,,,13.6511130158827,2300.0,,,,,,
2024-03-12,PHM,skip_risk_cap_notional_below_fee_threshold,,,,,,3.413032575284234,2300.0,,,,,,
2024-03-13,FICO,skip_risk_cap_notional_below_fee_threshold,,,,,,6.660930461665345,2300.0,,,,,,
2024-03-13,PHM,skip_risk_cap_notional_below_fee_threshold,,,,,,6.729213346905851,2300.0,,,,,,
2024-03-14,FICO,skip_risk_cap_notional_below_fee_threshold,,,,,,3.980837765617963,2300.0,,,,,,
2024-03-14,PHM,skip_risk_cap_notional_below_fee_threshold,,,,,,3.6772752003983693,2300.0,,,,,,
2024-03-15,FICO,skip_risk_cap_notional_below_fee_threshold,,,,,,4.948912874538308,2300.0,,,,,,
2024-03-15,PHM,skip_risk_cap_notional_below_fee_threshold,,,,,,4.945455024031631,2300.0,,,,,,
2024-03-18,FICO,skip_risk_cap_notional_below_fee_threshold,,,,,,5.7288954123636415,2300.0,,,,,,
2024-03-18,PHM,skip_risk_cap_notional_below_fee_threshold,,,,,,3.8959642470995988,2300.0,,,,,,
2024-03-19,FICO,skip_risk_cap_notional_below_fee_threshold,,,,,,6.539371585684066,2300.0,,,,,,
2024-03-19,PHM,skip_risk_cap_notional_below_fee_threshold,,,,,,4.759956920687074,2300.0,,,,,,
2024-03-20,FICO,skip_risk_cap_notional_below_fee_threshold,,,,,,6.054982331545573,2300.0,,,,,,
2024-03-20,PHM,skip_risk_cap_notional_below_fee_threshold,,,,,,6.068422008111966,2300.0,,,,,,
2024-03-21,FICO,skip_risk_cap_notional_below_fee_threshold,,,,,,7.99274527532809,2300.0,,,,,,
2024-03-21,PHM,skip_risk_cap_notional_below_fee_threshold,,,,,,6.838096857665477,2300.0,,,,,,
2024-03-22,FICO,skip_risk_cap_notional_below_fee_threshold,,,,,,7.5671609587754745,2300.0,,,,,,
2024-03-22,PHM,skip_risk_cap_notional_below_fee_threshold,,,,,,7.146501492349358,2300.0,,,,,,
2024-03-25,FICO,skip_risk_cap_notional_below_fee_threshold,,,,,,6.984794051076989,2300.0,,,,,,
2024-03-25,PHM,skip_risk_cap_notional_below_fee_threshold,,,,,,6.741824295084626,2300.0,,,,,,
2024-03-26,FICO,skip_risk_cap_notional_below_fee_threshold,,,,,,8.509146368930402,2300.0,,,,,,
2024-03-26,PHM,skip_risk_cap_notional_below_fee_threshold,,,,,,7.04161170456878,2300.0,,,,,,
2024-03-27,FICO,skip_risk_cap_notional_below_fee_threshold,,,,,,6.169666580894642,2300.0,,,,,,
2024-03-27,PHM,skip_risk_cap_notional_below_fee_threshold,,,,,,9.182290768186661,2300.0,,,,,,
2024-03-28,FICO,skip_risk_cap_notional_below_fee_threshold,,,,,,5.181241361672846,2300.0,,,,,,
2024-03-28,PHM,skip_risk_cap_notional_below_fee_threshold,,,,,,11.83572151435061,2300.0,,,,,,
2024-04-01,FICO,skip_risk_cap_notional_below_fee_threshold,,,,,,5.527493739683479,2300.0,,,,,,
2024-04-01,PHM,skip_risk_cap_notional_below_fee_threshold,,,,,,9.389700063848437,2300.0,,,,,,
2024-04-02,FICO,skip_risk_cap_notional_below_fee_threshold,,,,,,5.764886914464881,2300.0,,,,,,
2024-04-02,PHM,skip_risk_cap_notional_below_fee_threshold,,,,,,5.817704567380176,2300.0,,,,,,
2024-04-03,FICO,skip_risk_cap_notional_below_fee_threshold,,,,,,5.2050686269948585,2300.0,,,,,,
2024-04-03,PHM,skip_risk_cap_notional_below_fee_threshold,,,,,,6.645379207369501,2300.0,,,,,,
2024-04-04,FICO,skip_risk_cap_notional_below_fee_threshold,,,,,,3.575327011406202,2300.0,,,,,,
2024-04-04,PHM,skip_risk_cap_notional_below_fee_threshold,,,,,,5.915952875934806,2300.0,,,,,,
2024-04-05,FICO,skip_risk_cap_notional_below_fee_threshold,,,,,,3.5903068283436994,2300.0,,,,,,
2024-04-05,PHM,skip_risk_cap_notional_below_fee_threshold,,,,,,7.451770539284141,2300.0,,,,,,
2024-04-08,FICO,skip_risk_cap_notional_below_fee_threshold,,,,,,4.450839390755377,2300.0,,,,,,
2024-04-08,PHM,skip_risk_cap_notional_below_fee_threshold,,,,,,6.226127347245097,2300.0,,,,,,
2024-04-09,FICO,skip_risk_cap_notional_below_fee_threshold,,,,,,3.129911602622613,2300.0,,,,,,
2024-04-09,PHM,skip_risk_cap_notional_below_fee_threshold,,,,,,7.1938582698892475,2300.0,,,,,,
2024-04-10,FICO,skip_risk_cap_notional_below_fee_threshold,,,,,,1.1178909317155359,2300.0,,,,,,
2024-04-10,PHM,skip_risk_cap_notional_below_fee_threshold,,,,,,2.495499149405333,2300.0,,,,,,
2024-04-11,FICO,skip_risk_cap_notional_below_fee_threshold,,,,,,1.107930027452781,2300.0,,,,,,
2024-04-11,PHM,skip_risk_cap_notional_below_fee_threshold,,,,,,2.7233604509089986,2300.0,,,,,,
2024-04-12,FICO,skip_risk_cap_notional_below_fee_threshold,,,,,,0.6126166608214874,2300.0,,,,,,
2024-04-12,PHM,skip_risk_cap_notional_below_fee_threshold,,,,,,4.121768050753445,2300.0,,,,,,
2024-04-15,PHM,skip_risk_cap_notional_below_fee_threshold,,,,,,3.108530434489026,2300.0,,,,,,
2024-04-16,PHM,skip_risk_cap_notional_below_fee_threshold,,,,,,1.2398420500825864,2300.0,,,,,,
2024-04-17,FICO,skip_risk_cap_notional_below_fee_threshold,,,,,,0.32531189321761644,2300.0,,,,,,
2024-04-17,PHM,skip_risk_cap_notional_below_fee_threshold,,,,,,0.9669439533122244,2300.0,,,,,,
2024-04-18,FICO,skip_risk_cap_notional_below_fee_threshold,,,,,,1.135380984812997,2300.0,,,,,,
2024-04-18,PHM,skip_risk_cap_notional_below_fee_threshold,,,,,,0.7019298607299334,2300.0,,,,,,
2024-04-19,PHM,skip_risk_cap_notional_below_fee_threshold,,,,,,1.4290019241515495,2300.0,,,,,,
2024-04-22,FICO,skip_risk_cap_notional_below_fee_threshold,,,,,,0.2868717025000791,2300.0,,,,,,
2024-04-22,PHM,skip_risk_cap_notional_below_fee_threshold,,,,,,2.97012012662303,2300.0,,,,,,
2024-04-23,FICO,skip_risk_cap_notional_below_fee_threshold,,,,,,1.8430796219711283,2300.0,,,,,,
2024-04-23,PHM,skip_risk_cap_notional_below_fee_threshold,,,,,,6.1165436977852465,2300.0,,,,,,
2024-04-24,FICO,skip_risk_cap_notional_below_fee_threshold,,,,,,2.3167233352402974,2300.0,,,,,,
2024-04-24,PHM,skip_risk_cap_notional_below_fee_threshold,,,,,,5.587384640217309,2300.0,,,,,,
2024-04-25,FICO,skip_risk_cap_notional_below_fee_threshold,,,,,,3.2652209013002955,2300.0,,,,,,
2024-04-25,PHM,skip_risk_cap_notional_below_fee_threshold,,,,,,5.517444315936899,2300.0,,,,,,
2024-04-26,PHM,skip_risk_cap_notional_below_fee_threshold,,,,,,8.336299040879737,2300.0,,,,,,
2024-04-29,PHM,skip_risk_cap_notional_below_fee_threshold,,,,,,8.6469763445469,2300.0,,,,,,
2024-04-30,AVGO,skip_sell_notional_below_fee_threshold,,,,,,29.247086181148937,2300.0,,,,,,
2024-04-30,PHM,skip_sell_notional_below_fee_threshold,,,,,,83.42876334672133,2300.0,,,,,,
2024-04-30,RCL,skip_sell_notional_below_fee_threshold,,,,,,21.00999045736537,2300.0,,,,,,
2024-04-30,__ALL__,relax_buy_notional_threshold_full_block,,,,,,,2300.0,17.0,701.2531327358265,462.379322840217,,,
2024-04-30,AVGO,skip_risk_cap_notional_below_fee_threshold,,,,,,17.771772907566266,2300.0,,,,,,
2024-04-30,RCL,skip_risk_cap_notional_below_fee_threshold,,,,,,9.534677183782698,2300.0,,,,,,
2024-04-30,PHM,skip_risk_cap_notional_below_fee_threshold,,,,,,71.95345007313864,2300.0,,,,,,
2024-05-01,AVGO,skip_risk_cap_notional_below_fee_threshold,,,,,,15.470154787012236,2300.0,,,,,,
2024-05-01,RCL,skip_risk_cap_notional_below_fee_threshold,,,,,,9.225155989089792,2300.0,,,,,,
2024-05-01,PHM,skip_risk_cap_notional_below_fee_threshold,,,,,,72.91665313863561,2300.0,,,,,,
2024-05-02,AVGO,skip_risk_cap_notional_below_fee_threshold,,,,,,14.847668056794873,2300.0,,,,,,
2024-05-02,RCL,skip_risk_cap_notional_below_fee_threshold,,,,,,8.758630327568135,2300.0,,,,,,
2024-05-02,PHM,skip_risk_cap_notional_below_fee_threshold,,,,,,74.66518022797925,2300.0,,,,,,
2024-05-03,AVGO,skip_risk_cap_notional_below_fee_threshold,,,,,,15.881891010980851,2300.0,,,,,,
2024-05-03,RCL,skip_risk_cap_notional_below_fee_threshold,,,,,,8.170566753344957,2300.0,,,,,,
2024-05-03,PHM,skip_risk_cap_notional_below_fee_threshold,,,,,,76.71087932157795,2300.0,,,,,,
2024-05-06,AVGO,skip_risk_cap_notional_below_fee_threshold,,,,,,16.54784413509946,2300.0,,,,,,
2024-05-06,RCL,skip_risk_cap_notional_below_fee_threshold,,,,,,9.26790829813551,2300.0,,,,,,
2024-05-06,PHM,skip_risk_cap_notional_below_fee_threshold,,,,,,76.85835904274768,2300.0,,,,,,
2024-05-07,AVGO,skip_risk_cap_notional_below_fee_threshold,,,,,,16.585299226575998,2300.0,,,,,,
2024-05-07,RCL,skip_risk_cap_notional_below_fee_threshold,,,,,,8.994838707784062,2300.0,,,,,,
2024-05-07,PHM,skip_risk_cap_notional_below_fee_threshold,,,,,,76.50748784910982,2300.0,,,,,,
2024-05-08,AVGO,skip_risk_cap_notional_below_fee_threshold,,,,,,17.646885535106065,2300.0,,,,,,
2024-05-08,RCL,skip_risk_cap_notional_below_fee_threshold,,,,,,8.991614714170524,2300.0,,,,,,
2024-05-08,PHM,skip_risk_cap_notional_below_fee_threshold,,,,,,75.23450858741728,2300.0,,,,,,
2024-05-09,AVGO,skip_risk_cap_notional_below_fee_threshold,,,,,,16.485809588092202,2300.0,,,,,,
2024-05-09,RCL,skip_risk_cap_notional_below_fee_threshold,,,,,,8.828975230728467,2300.0,,,,,,
2024-05-09,PHM,skip_risk_cap_notional_below_fee_threshold,,,,,,76.32391703974073,2300.0,,,,,,
2024-05-10,AVGO,skip_risk_cap_notional_below_fee_threshold,,,,,,17.572863837210726,2300.0,,,,,,
2024-05-10,RCL,skip_risk_cap_notional_below_fee_threshold,,,,,,8.29310462407453,2300.0,,,,,,
2024-05-10,PHM,skip_risk_cap_notional_below_fee_threshold,,,,,,76.80295278449043,2300.0,,,,,,
2024-05-13,AVGO,skip_risk_cap_notional_below_fee_threshold,,,,,,18.110717025852658,2300.0,,,,,,
2024-05-13,RCL,skip_risk_cap_notional_below_fee_threshold,,,,,,8.517690144193864,2300.0,,,,,,
2024-05-13,PHM,skip_risk_cap_notional_below_fee_threshold,,,,,,75.7253438590582,2300.0,,,,,,
2024-05-14,AVGO,skip_risk_cap_notional_below_fee_threshold,,,,,,19.79318867107294,2300.0,,,,,,
2024-05-14,RCL,skip_risk_cap_notional_below_fee_threshold,,,,,,8.081111032301905,2300.0,,,,,,
2024-05-14,PHM,skip_risk_cap_notional_below_fee_threshold,,,,,,75.09213599112213,2300.0,,,,,,
2024-05-15,AVGO,skip_risk_cap_notional_below_fee_threshold,,,,,,20.973508820330494,2300.0,,,,,,
2024-05-15,RCL,skip_risk_cap_notional_below_fee_threshold,,,,,,6.4205649698826335,2300.0,,,,,,
2024-05-15,PHM,skip_risk_cap_notional_below_fee_threshold,,,,,,79.75966779687784,2300.0,,,,,,
2024-05-16,AVGO,skip_risk_cap_notional_below_fee_threshold,,,,,,20.61120444351898,2300.0,,,,,,
2024-05-16,RCL,skip_risk_cap_notional_below_fee_threshold,,,,,,8.138755835660596,2300.0,,,,,,
2024-05-16,PHM,skip_risk_cap_notional_below_fee_threshold,,,,,,76.95992428216988,2300.0,,,,,,
2024-05-17,AVGO,skip_risk_cap_notional_below_fee_threshold,,,,,,19.923025030429116,2300.0,,,,,,
2024-05-17,RCL,skip_risk_cap_notional_below_fee_threshold,,,,,,7.9059822874022245,2300.0,,,,,,
2024-05-17,PHM,skip_risk_cap_notional_below_fee_threshold,,,,,,77.54065447153518,2300.0,,,,,,
2024-05-20,AVGO,skip_risk_cap_notional_below_fee_threshold,,,,,,20.282809181176702,2300.0,,,,,,
2024-05-20,RCL,skip_risk_cap_notional_below_fee_threshold,,,,,,9.660034475401574,2300.0,,,,,,
2024-05-20,PHM,skip_risk_cap_notional_below_fee_threshold,,,,,,77.11182827481616,2300.0,,,,,,
2024-05-21,AVGO,skip_risk_cap_notional_below_fee_threshold,,,,,,19.58976297903235,2300.0,,,,,,
2024-05-21,RCL,skip_risk_cap_notional_below_fee_threshold,,,,,,10.92529412894664,2300.0,,,,,,
2024-05-21,PHM,skip_risk_cap_notional_below_fee_threshold,,,,,,75.76975893396815,2300.0,,,,,,
2024-05-22,AVGO,skip_risk_cap_notional_below_fee_threshold,,,,,,20.171747340787228,2300.0,,,,,,
2024-05-22,RCL,skip_risk_cap_notional_below_fee_threshold,,,,,,10.494161020821998,2300.0,,,,,,
2024-05-22,PHM,skip_risk_cap_notional_below_fee_threshold,,,,,,72.76114369478739,2300.0,,,,,,
2024-05-23,AVGO,skip_risk_cap_notional_below_fee_threshold,,,,,,20.54225629645895,2300.0,,,,,,
2024-05-23,RCL,skip_risk_cap_notional_below_fee_threshold,,,,,,10.387064023013444,2300.0,,,,,,
2024-05-23,PHM,skip_risk_cap_notional_below_fee_threshold,,,,,,71.52705434329553,2300.0,,,,,,
2024-05-24,AVGO,skip_risk_cap_notional_below_fee_threshold,,,,,,20.602263570375236,2300.0,,,,,,
2024-05-24,RCL,skip_risk_cap_notional_below_fee_threshold,,,,,,10.578798252953888,2300.0,,,,,,
2024-05-24,PHM,skip_risk_cap_notional_below_fee_threshold,,,,,,72.52645871714458,2300.0,,,,,,
2024-05-28,AVGO,skip_risk_cap_notional_below_fee_threshold,,,,,,20.956448162053526,2300.0,,,,,,
2024-05-28,RCL,skip_risk_cap_notional_below_fee_threshold,,,,,,11.387664512200772,2300.0,,,,,,
2024-05-28,PHM,skip_risk_cap_notional_below_fee_threshold,,,,,,71.54662483082916,2300.0,,,,,,
2024-05-29,AVGO,skip_risk_cap_notional_below_fee_threshold,,,,,,20.430517323186336,2300.0,,,,,,
2024-05-29,RCL,skip_risk_cap_notional_below_fee_threshold,,,,,,11.067514015573103,2300.0,,,,,,
2024-05-29,PHM,skip_risk_cap_notional_below_fee_threshold,,,,,,71.33220632828926,2300.0,,,,,,
2024-05-30,AVGO,skip_risk_cap_notional_below_fee_threshold,,,,,,18.72960053223884,2300.0,,,,,,
2024-05-30,RCL,skip_risk_cap_notional_below_fee_threshold,,,,,,10.492969790429562,2300.0,,,,,,
2024-05-30,PHM,skip_risk_cap_notional_below_fee_threshold,,,,,,74.38140185963826,2300.0,,,,,,
2024-05-31,AVGO,skip_risk_cap_notional_below_fee_threshold,,,,,,16.96885633222557,2300.0,,,,,,
2024-05-31,RCL,skip_risk_cap_notional_below_fee_threshold,,,,,,10.565783576066856,2300.0,,,,,,
2024-05-31,PHM,skip_risk_cap_notional_below_fee_threshold,,,,,,76.02629754289524,2300.0,,,,,,
2024-06-03,AVGO,skip_risk_cap_notional_below_fee_threshold,,,,,,16.95482185137655,2300.0,,,,,,
2024-06-03,RCL,skip_risk_cap_notional_below_fee_threshold,,,,,,12.201857695734619,2300.0,,,,,,
2024-06-03,PHM,skip_risk_cap_notional_below_fee_threshold,,,,,,74.39501418471305,2300.0,,,,,,
2024-06-04,AVGO,skip_risk_cap_notional_below_fee_threshold,,,,,,17.604031629103048,2300.0,,,,,,
2024-06-04,RCL,skip_risk_cap_notional_below_fee_threshold,,,,,,14.092517753554155,2300.0,,,,,,
2024-06-04,PHM,skip_risk_cap_notional_below_fee_threshold,,,,,,71.83804600583619,2300.0,,,,,,
2024-06-05,AVGO,skip_risk_cap_notional_below_fee_threshold,,,,,,20.288655251557927,2300.0,,,,,,
2024-06-05,RCL,skip_risk_cap_notional_below_fee_threshold,,,,,,13.178018472589393,2300.0,,,,,,
2024-06-05,PHM,skip_risk_cap_notional_below_fee_threshold,,,,,,73.30378876904331,2300.0,,,,,,
2024-06-06,AVGO,skip_risk_cap_notional_below_fee_threshold,,,,,,20.242110156799384,2300.0,,,,,,
2024-06-06,RCL,skip_risk_cap_notional_below_fee_threshold,,,,,,13.001259605599998,2300.0,,,,,,
2024-06-06,PHM,skip_risk_cap_notional_below_fee_threshold,,,,,,72.69329791124548,2300.0,,,,,,
2024-06-07,AVGO,skip_risk_cap_notional_below_fee_threshold,,,,,,20.97813713986381,2300.0,,,,,,
2024-06-07,RCL,skip_risk_cap_notional_below_fee_threshold,,,,,,13.479721727935285,2300.0,,,,,,
2024-06-07,PHM,skip_risk_cap_notional_below_fee_threshold,,,,,,70.0265073538022,2300.0,,,,,,
2024-06-10,AVGO,skip_risk_cap_notional_below_fee_threshold,,,,,,21.829171216901216,2300.0,,,,,,
2024-06-10,RCL,skip_risk_cap_notional_below_fee_threshold,,,,,,12.99088110024641,2300.0,,,,,,
2024-06-10,PHM,skip_risk_cap_notional_below_fee_threshold,,,,,,71.1824044469296,2300.0,,,,,,
2024-06-11,AVGO,skip_risk_cap_notional_below_fee_threshold,,,,,,23.312825931395018,2300.0,,,,,,
2024-06-11,RCL,skip_risk_cap_notional_below_fee_threshold,,,,,,12.570172135387672,2300.0,,,,,,
2024-06-11,PHM,skip_risk_cap_notional_below_fee_threshold,,,,,,69.04368661628604,2300.0,,,,,,
2024-06-12,AVGO,skip_risk_cap_notional_below_fee_threshold,,,,,,23.57726767951356,2300.0,,,,,,
2024-06-12,RCL,skip_risk_cap_notional_below_fee_threshold,,,,,,12.852054814017023,2300.0,,,,,,
2024-06-12,PHM,skip_risk_cap_notional_below_fee_threshold,,,,,,72.29268601484031,2300.0,,,,,,
2024-06-13,AVGO,skip_risk_cap_notional_below_fee_threshold,,,,,,31.401039754722817,2300.0,,,,,,
2024-06-13,RCL,skip_risk_cap_notional_below_fee_threshold,,,,,,10.717657329333216,2300.0,,,,,,
2024-06-13,PHM,skip_risk_cap_notional_below_fee_threshold,,,,,,71.15874053474575,2300.0,,,,,,
2024-06-14,AVGO,skip_risk_cap_notional_below_fee_threshold,,,,,,34.52075522545722,2300.0,,,,,,
2024-06-14,RCL,skip_risk_cap_notional_below_fee_threshold,,,,,,8.342488928485025,2300.0,,,,,,
2024-06-14,PHM,skip_risk_cap_notional_below_fee_threshold,,,,,,70.03869868405083,2300.0,,,,,,
2024-06-17,AVGO,skip_risk_cap_notional_below_fee_threshold,,,,,,38.21507216561249,2300.0,,,,,,
2024-06-17,RCL,skip_risk_cap_notional_below_fee_threshold,,,,,,7.645072663758448,2300.0,,,,,,
2024-06-17,PHM,skip_risk_cap_notional_below_fee_threshold,,,,,,69.43262858995391,2300.0,,,,,,
2024-06-18,AVGO,skip_risk_cap_notional_below_fee_threshold,,,,,,37.3512529212891,2300.0,,,,,,
2024-06-18,RCL,skip_risk_cap_notional_below_fee_threshold,,,,,,9.032216760447405,2300.0,,,,,,
2024-06-18,PHM,skip_risk_cap_notional_below_fee_threshold,,,,,,66.60147014441768,2300.0,,,,,,
2024-06-20,AVGO,skip_risk_cap_notional_below_fee_threshold,,,,,,34.80084908800159,2300.0,,,,,,
2024-06-20,RCL,skip_risk_cap_notional_below_fee_threshold,,,,,,9.33303552158742,2300.0,,,,,,
2024-06-20,PHM,skip_risk_cap_notional_below_fee_threshold,,,,,,66.93289191923404,2300.0,,,,,,
2024-06-21,AVGO,skip_risk_cap_notional_below_fee_threshold,,,,,,31.48862210002438,2300.0,,,,,,
2024-06-21,RCL,skip_risk_cap_notional_below_fee_threshold,,,,,,10.141640411366446,2300.0,,,,,,
2024-06-21,PHM,skip_risk_cap_notional_below_fee_threshold,,,,,,68.31355648601286,2300.0,,,,,,
2024-06-24,AVGO,skip_risk_cap_notional_below_fee_threshold,,,,,,28.53563516621969,2300.0,,,,,,
2024-06-24,RCL,skip_risk_cap_notional_below_fee_threshold,,,,,,11.589035919664987,2300.0,,,,,,
2024-06-24,PHM,skip_risk_cap_notional_below_fee_threshold,,,,,,69.57808827102137,2300.0,,,,,,
2024-06-25,AVGO,skip_risk_cap_notional_below_fee_threshold,,,,,,28.088895788633742,2300.0,,,,,,
2024-06-25,RCL,skip_risk_cap_notional_below_fee_threshold,,,,,,14.202710223278991,2300.0,,,,,,
2024-06-25,PHM,skip_risk_cap_notional_below_fee_threshold,,,,,,66.88548423605323,2300.0,,,,,,
2024-06-26,AVGO,skip_risk_cap_notional_below_fee_threshold,,,,,,28.61191100555501,2300.0,,,,,,
2024-06-26,RCL,skip_risk_cap_notional_below_fee_threshold,,,,,,14.438594399008018,2300.0,,,,,,
2024-06-26,PHM,skip_risk_cap_notional_below_fee_threshold,,,,,,66.86297004561044,2300.0,,,,,,
2024-06-27,AVGO,skip_risk_cap_notional_below_fee_threshold,,,,,,28.500162686749427,2300.0,,,,,,
2024-06-27,RCL,skip_risk_cap_notional_below_fee_threshold,,,,,,14.113916511300722,2300.0,,,,,,
2024-06-27,PHM,skip_risk_cap_notional_below_fee_threshold,,,,,,66.69656449628943,2300.0,,,,,,
2024-06-28,AVGO,skip_risk_cap_notional_below_fee_threshold,,,,,,29.297995749682975,2300.0,,,,,,
2024-06-28,RCL,skip_risk_cap_notional_below_fee_threshold,,,,,,13.66226044704765,2300.0,,,,,,
2024-06-28,PHM,skip_risk_cap_notional_below_fee_threshold,,,,,,66.93100980665727,2300.0,,,,,,
2024-07-01,AVGO,skip_risk_cap_notional_below_fee_threshold,,,,,,31.67685192966544,2300.0,,,,,,
2024-07-01,RCL,skip_risk_cap_notional_below_fee_threshold,,,,,,13.102496284880402,2300.0,,,,,,
2024-07-01,PHM,skip_risk_cap_notional_below_fee_threshold,,,,,,63.43710230417097,2300.0,,,,,,
2024-07-02,AVGO,skip_risk_cap_notional_below_fee_threshold,,,,,,32.60249795327047,2300.0,,,,,,
2024-07-02,RCL,skip_risk_cap_notional_below_fee_threshold,,,,,,13.256777391236568,2300.0,,,,,,
2024-07-02,PHM,skip_risk_cap_notional_below_fee_threshold,,,,,,61.71344052918443,2300.0,,,,,,
2024-07-03,AVGO,skip_risk_cap_notional_below_fee_threshold,,,,,,35.50689844203412,2300.0,,,,,,
2024-07-03,RCL,skip_risk_cap_notional_below_fee_threshold,,,,,,12.107792242063049,2300.0,,,,,,
2024-07-03,PHM,skip_risk_cap_notional_below_fee_threshold,,,,,,61.63367809316161,2300.0,,,,,,
2024-07-05,AVGO,skip_risk_cap_notional_below_fee_threshold,,,,,,34.621993211396415,2300.0,,,,,,
2024-07-05,RCL,skip_risk_cap_notional_below_fee_threshold,,,,,,13.07063719481443,2300.0,,,,,,
2024-07-05,PHM,skip_risk_cap_notional_below_fee_threshold,,,,,,60.85179650526153,2300.0,,,,,,
2024-07-08,AVGO,skip_risk_cap_notional_below_fee_threshold,,,,,,35.91218065405389,2300.0,,,,,,
2024-07-08,RCL,skip_risk_cap_notional_below_fee_threshold,,,,,,13.876079083646324,2300.0,,,,,,
2024-07-08,PHM,skip_risk_cap_notional_below_fee_threshold,,,,,,61.42642335466885,2300.0,,,,,,
2024-07-09,AVGO,skip_risk_cap_notional_below_fee_threshold,,,,,,35.31934252646037,2300.0,,,,,,
2024-07-09,RCL,skip_risk_cap_notional_below_fee_threshold,,,,,,14.829548879365312,2300.0,,,,,,
2024-07-09,PHM,skip_risk_cap_notional_below_fee_threshold,,,,,,60.85967081603026,2300.0,,,,,,
2024-07-10,AVGO,skip_risk_cap_notional_below_fee_threshold,,,,,,35.25168830671335,2300.0,,,,,,
2024-07-10,RCL,skip_risk_cap_notional_below_fee_threshold,,,,,,14.016555885964566,2300.0,,,,,,
2024-07-10,PHM,skip_risk_cap_notional_below_fee_threshold,,,,,,62.83745618585446,2300.0,,,,,,
2024-07-11,AVGO,skip_risk_cap_notional_below_fee_threshold,,,,,,32.47256255717618,2300.0,,,,,,
2024-07-11,RCL,skip_risk_cap_notional_below_fee_threshold,,,,,,13.36033751042445,2300.0,,,,,,
2024-07-11,PHM,skip_risk_cap_notional_below_fee_threshold,,,,,,69.10748839706926,2300.0,,,,,,
2024-07-12,AVGO,skip_risk_cap_notional_below_fee_threshold,,,,,,31.55904228476887,2300.0,,,,,,
2024-07-12,RCL,skip_risk_cap_notional_below_fee_threshold,,,,,,14.001875849193517,2300.0,,,,,,
2024-07-12,PHM,skip_risk_cap_notional_below_fee_threshold,,,,,,71.10860950215616,2300.0,,,,,,
2024-07-15,AVGO,skip_risk_cap_notional_below_fee_threshold,,,,,,32.02883383820589,2300.0,,,,,,
2024-07-15,RCL,skip_risk_cap_notional_below_fee_threshold,,,,,,14.330453619804508,2300.0,,,,,,
2024-07-15,PHM,skip_risk_cap_notional_below_fee_threshold,,,,,,70.81121351409053,2300.0,,,,,,
2024-07-16,AVGO,skip_risk_cap_notional_below_fee_threshold,,,,,,29.308401391573774,2300.0,,,,,,
2024-07-16,RCL,skip_risk_cap_notional_below_fee_threshold,,,,,,14.375558866418977,2300.0,,,,,,
2024-07-16,PHM,skip_risk_cap_notional_below_fee_threshold,,,,,,77.96896122596252,2300.0,,,,,,
2024-07-17,AVGO,skip_risk_cap_notional_below_fee_threshold,,,,,,25.069366291750406,2300.0,,,,,,
2024-07-17,RCL,skip_risk_cap_notional_below_fee_threshold,,,,,,13.72252422844408,2300.0,,,,,,
2024-07-17,PHM,skip_risk_cap_notional_below_fee_threshold,,,,,,77.35043555418417,2300.0,,,,,,
2024-07-18,AVGO,skip_risk_cap_notional_below_fee_threshold,,,,,,26.491776979706657,2300.0,,,,,,
2024-07-18,RCL,skip_risk_cap_notional_below_fee_threshold,,,,,,12.783936532050149,2300.0,,,,,,
2024-07-18,PHM,skip_risk_cap_notional_below_fee_threshold,,,,,,79.80149828831212,2300.0,,,,,,
2024-07-19,AVGO,skip_risk_cap_notional_below_fee_threshold,,,,,,24.970328930145563,2300.0,,,,,,
2024-07-19,RCL,skip_risk_cap_notional_below_fee_threshold,,,,,,14.481790808071018,2300.0,,,,,,
2024-07-19,PHM,skip_risk_cap_notional_below_fee_threshold,,,,,,79.81026459513987,2300.0,,,,,,
2024-07-22,AVGO,skip_risk_cap_notional_below_fee_threshold,,,,,,26.083101090885787,2300.0,,,,,,
2024-07-22,RCL,skip_risk_cap_notional_below_fee_threshold,,,,,,13.850198798870082,2300.0,,,,,,
2024-07-22,PHM,skip_risk_cap_notional_below_fee_threshold,,,,,,80.01977743369322,2300.0,,,,,,
2024-07-23,AVGO,skip_risk_cap_notional_below_fee_threshold,,,,,,27.08207815586436,2300.0,,,,,,
2024-07-23,RCL,skip_risk_cap_notional_below_fee_threshold,,,,,,14.388061863386973,2300.0,,,,,,
2024-07-23,PHM,skip_risk_cap_notional_below_fee_threshold,,,,,,79.70611931828324,2300.0,,,,,,
2024-07-24,AVGO,skip_risk_cap_notional_below_fee_threshold,,,,,,23.052405143840666,2300.0,,,,,,
2024-07-24,RCL,skip_risk_cap_notional_below_fee_threshold,,,,,,14.027806639711507,2300.0,,,,,,
2024-07-24,PHM,skip_risk_cap_notional_below_fee_threshold,,,,,,78.53051831055836,2300.0,,,,,,
2024-07-25,AVGO,skip_risk_cap_notional_below_fee_threshold,,,,,,22.617056336302085,2300.0,,,,,,
2024-07-25,RCL,skip_risk_cap_notional_below_fee_threshold,,,,,,9.60873597021768,2300.0,,,,,,
2024-07-25,PHM,skip_risk_cap_notional_below_fee_threshold,,,,,,81.7265902188931,2300.0,,,,,,
2024-07-26,AVGO,skip_risk_cap_notional_below_fee_threshold,,,,,,22.539235487444337,2300.0,,,,,,
2024-07-26,RCL,skip_risk_cap_notional_below_fee_threshold,,,,,,8.973440831440449,2300.0,,,,,,
2024-07-26,PHM,skip_risk_cap_notional_below_fee_threshold,,,,,,85.78885530851949,2300.0,,,,,,
2024-07-29,AVGO,skip_risk_cap_notional_below_fee_threshold,,,,,,21.391919600477785,2300.0,,,,,,
2024-07-29,RCL,skip_risk_cap_notional_below_fee_threshold,,,,,,9.160205491372203,2300.0,,,,,,
2024-07-29,PHM,skip_risk_cap_notional_below_fee_threshold,,,,,,88.45189146071581,2300.0,,,,,,
2024-07-30,AVGO,skip_risk_cap_notional_below_fee_threshold,,,,,,18.516769781411895,2300.0,,,,,,
2024-07-30,RCL,skip_risk_cap_notional_below_fee_threshold,,,,,,10.332166259137848,2300.0,,,,,,
2024-07-30,PHM,skip_risk_cap_notional_below_fee_threshold,,,,,,89.18862148140734,2300.0,,,,,,
2024-07-31,KKR,skip_sell_notional_below_fee_threshold,,,,,,0.5031596144663943,2300.0,,,,,,
2024-07-31,THC,skip_sell_notional_below_fee_threshold,,,,,,0.5218843904096362,2300.0,,,,,,
2024-07-31,__ALL__,relax_buy_notional_threshold_full_block,,,,,,,2300.0,18.0,101.51491730727302,59.49282891822088,,,
2024-10-31,LLY,forced_exit_fee_capped_to_avoid_negative_cash,,,,,,4.469799460291461,,,,,23.0,5.574389705827904,1.1045902455364427
2024-10-31,THC,forced_exit_fee_capped_to_avoid_negative_cash,,,,,,5.864237683091015,,,,,23.0,5.864237683091015,0.0
2024-10-31,EME,skip_sell_notional_below_fee_threshold,,,,,,4.188740092143357,2300.0,,,,,,
2024-10-31,GE,skip_sell_notional_below_fee_threshold,,,,,,3.4098652166934844,2300.0,,,,,,
2024-10-31,KKR,skip_sell_notional_below_fee_threshold,,,,,,5.195395748425707,2300.0,,,,,,
2024-10-31,NRG,skip_sell_notional_below_fee_threshold,,,,,,4.1901610178081485,2300.0,,,,,,
2024-10-31,__ALL__,relax_buy_notional_threshold_full_block,,,,,,,2300.0,16.0,21.23020259383837,0.0,,,
2024-10-31,EME,skip_risk_cap_notional_below_fee_threshold,,,,,,2.06571983275952,2300.0,,,,,,
2024-10-31,NRG,skip_risk_cap_notional_below_fee_threshold,,,,,,2.0671407584243116,2300.0,,,,,,
2024-10-31,GE,skip_risk_cap_notional_below_fee_threshold,,,,,,1.2868449573096474,2300.0,,,,,,
2024-10-31,KKR,skip_risk_cap_notional_below_fee_threshold,,,,,,3.0723754890418697,2300.0,,,,,,
2024-11-01,EME,skip_risk_cap_notional_below_fee_threshold,,,,,,2.1705911488347502,2300.0,,,,,,
2024-11-01,NRG,skip_risk_cap_notional_below_fee_threshold,,,,,,1.8970014574991532,2300.0,,,,,,
2024-11-01,GE,skip_risk_cap_notional_below_fee_threshold,,,,,,1.3055959839848188,2300.0,,,,,,
2024-11-01,KKR,skip_risk_cap_notional_below_fee_threshold,,,,,,3.063336388273377,2300.0,,,,,,
2024-11-04,EME,skip_risk_cap_notional_below_fee_threshold,,,,,,2.2456969054237796,2300.0,,,,,,
2024-11-04,NRG,skip_risk_cap_notional_below_fee_threshold,,,,,,1.9521484990529125,2300.0,,,,,,
2024-11-04,GE,skip_risk_cap_notional_below_fee_threshold,,,,,,1.2846898309454073,2300.0,,,,,,
2024-11-04,KKR,skip_risk_cap_notional_below_fee_threshold,,,,,,3.0139036752751602,2300.0,,,,,,
2024-11-05,EME,skip_risk_cap_notional_below_fee_threshold,,,,,,2.332065354759535,2300.0,,,,,,
2024-11-05,NRG,skip_risk_cap_notional_below_fee_threshold,,,,,,2.0571824471550664,2300.0,,,,,,
2024-11-05,GE,skip_risk_cap_notional_below_fee_threshold,,,,,,1.2940860059120491,2300.0,,,,,,
2024-11-05,KKR,skip_risk_cap_notional_below_fee_threshold,,,,,,3.0309917661331656,2300.0,,,,,,
2024-11-06,EME,skip_risk_cap_notional_below_fee_threshold,,,,,,2.4714546377490616,2300.0,,,,,,
2024-11-06,NRG,skip_risk_cap_notional_below_fee_threshold,,,,,,1.9559010689099838,2300.0,,,,,,
2024-11-06,GE,skip_risk_cap_notional_below_fee_threshold,,,,,,1.2694410733813624,2300.0,,,,,,
2024-11-06,KKR,skip_risk_cap_notional_below_fee_threshold,,,,,,3.4650173039678003,2300.0,,,,,,
2024-11-07,EME,skip_risk_cap_notional_below_fee_threshold,,,,,,2.4791261061822065,2300.0,,,,,,
2024-11-07,NRG,skip_risk_cap_notional_below_fee_threshold,,,,,,2.1685111681366913,2300.0,,,,,,
2024-11-07,GE,skip_risk_cap_notional_below_fee_threshold,,,,,,1.198324494517108,2300.0,,,,,,
2024-11-07,KKR,skip_risk_cap_notional_below_fee_threshold,,,,,,3.3729199186519008,2300.0,,,,,,
2024-11-08,EME,skip_risk_cap_notional_below_fee_threshold,,,,,,2.546047213833655,2300.0,,,,,,
2024-11-08,NRG,skip_risk_cap_notional_below_fee_threshold,,,,,,2.104913325590982,2300.0,,,,,,
2024-11-08,GE,skip_risk_cap_notional_below_fee_threshold,,,,,,1.3050358140054192,2300.0,,,,,,
2024-11-08,KKR,skip_risk_cap_notional_below_fee_threshold,,,,,,3.3920191679286025,2300.0,,,,,,
2024-11-11,EME,skip_risk_cap_notional_below_fee_threshold,,,,,,2.6010813402304276,2300.0,,,,,,
2024-11-11,NRG,skip_risk_cap_notional_below_fee_threshold,,,,,,1.9773704412276167,2300.0,,,,,,
2024-11-11,GE,skip_risk_cap_notional_below_fee_threshold,,,,,,1.2795289860937507,2300.0,,,,,,
2024-11-11,KKR,skip_risk_cap_notional_below_fee_threshold,,,,,,3.540699499825405,2300.0,,,,,,
2024-11-12,EME,skip_risk_cap_notional_below_fee_threshold,,,,,,2.5777556609695167,2300.0,,,,,,
2024-11-12,NRG,skip_risk_cap_notional_below_fee_threshold,,,,,,1.9343645592453826,2300.0,,,,,,
2024-11-12,GE,skip_risk_cap_notional_below_fee_threshold,,,,,,1.2810839693009943,2300.0,,,,,,
2024-11-12,KKR,skip_risk_cap_notional_below_fee_threshold,,,,,,3.46805828391231,2300.0,,,,,,
2024-11-13,EME,skip_risk_cap_notional_below_fee_threshold,,,,,,2.4454789934821353,2300.0,,,,,,
2024-11-13,NRG,skip_risk_cap_notional_below_fee_threshold,,,,,,1.9530682089836704,2300.0,,,,,,
2024-11-13,GE,skip_risk_cap_notional_below_fee_threshold,,,,,,1.334239340379681,2300.0,,,,,,
2024-11-13,KKR,skip_risk_cap_notional_below_fee_threshold,,,,,,3.4505877332932435,2300.0,,,,,,
2024-11-14,EME,skip_risk_cap_notional_below_fee_threshold,,,,,,2.4614132971313842,2300.0,,,,,,
2024-11-14,NRG,skip_risk_cap_notional_below_fee_threshold,,,,,,1.9464650541000712,2300.0,,,,,,
2024-11-14,GE,skip_risk_cap_notional_below_fee_threshold,,,,,,1.2423430750903912,2300.0,,,,,,
2024-11-14,KKR,skip_risk_cap_notional_below_fee_threshold,,,,,,3.42004114849467,2300.0,,,,,,
2024-11-15,EME,skip_risk_cap_notional_below_fee_threshold,,,,,,2.47324075711878,2300.0,,,,,,
2024-11-15,NRG,skip_risk_cap_notional_below_fee_threshold,,,,,,1.9815613348337433,2300.0,,,,,,
2024-11-15,GE,skip_risk_cap_notional_below_fee_threshold,,,,,,1.2070791039267532,2300.0,,,,,,
2024-11-15,KKR,skip_risk_cap_notional_below_fee_threshold,,,,,,3.400381560612257,2300.0,,,,,,
2024-11-18,EME,skip_risk_cap_notional_below_fee_threshold,,,,,,2.4652237117413898,2300.0,,,,,,
2024-11-18,NRG,skip_risk_cap_notional_below_fee_threshold,,,,,,2.010813044550645,2300.0,,,,,,
2024-11-18,GE,skip_risk_cap_notional_below_fee_threshold,,,,,,1.190997795270326,2300.0,,,,,,
2024-11-18,KKR,skip_risk_cap_notional_below_fee_threshold,,,,,,3.479066504552278,2300.0,,,,,,
2024-11-19,EME,skip_risk_cap_notional_below_fee_threshold,,,,,,2.580115113007725,2300.0,,,,,,
2024-11-19,NRG,skip_risk_cap_notional_below_fee_threshold,,,,,,2.066050565280803,2300.0,,,,,,
2024-11-19,GE,skip_risk_cap_notional_below_fee_threshold,,,,,,1.152154827430338,2300.0,,,,,,
2024-11-19,KKR,skip_risk_cap_notional_below_fee_threshold,,,,,,3.4541379250802233,2300.0,,,,,,
2024-11-20,EME,skip_risk_cap_notional_below_fee_threshold,,,,,,2.6037388297169004,2300.0,,,,,,
2024-11-20,NRG,skip_risk_cap_notional_below_fee_threshold,,,,,,2.0484110722908904,2300.0,,,,,,
2024-11-20,GE,skip_risk_cap_notional_below_fee_threshold,,,,,,1.1652888733680733,2300.0,,,,,,
2024-11-20,KKR,skip_risk_cap_notional_below_fee_threshold,,,,,,3.4291480683511395,2300.0,,,,,,
2024-11-21,EME,skip_risk_cap_notional_below_fee_threshold,,,,,,2.654211901897234,2300.0,,,,,,
2024-11-21,NRG,skip_risk_cap_notional_below_fee_threshold,,,,,,2.1061893440136017,2300.0,,,,,,
2024-11-21,GE,skip_risk_cap_notional_below_fee_threshold,,,,,,1.1035030181922418,2300.0,,,,,,
2024-11-21,KKR,skip_risk_cap_notional_below_fee_threshold,,,,,,3.5974215496164397,2300.0,,,,,,
2024-11-22,EME,skip_risk_cap_notional_below_fee_threshold,,,,,,2.430062987600537,2300.0,,,,,,
2024-11-22,NRG,skip_risk_cap_notional_below_fee_threshold,,,,,,2.0590512641937915,2300.0,,,,,,
2024-11-22,GE,skip_risk_cap_notional_below_fee_threshold,,,,,,1.202420253996345,2300.0,,,,,,
2024-11-22,KKR,skip_risk_cap_notional_below_fee_threshold,,,,,,3.676072736799667,2300.0,,,,,,
2024-11-25,EME,skip_risk_cap_notional_below_fee_threshold,,,,,,2.523953243338981,2300.0,,,,,,
2024-11-25,NRG,skip_risk_cap_notional_below_fee_threshold,,,,,,1.8708297698456866,2300.0,,,,,,
2024-11-25,GE,skip_risk_cap_notional_below_fee_threshold,,,,,,1.200399278255413,2300.0,,,,,,
2024-11-25,KKR,skip_risk_cap_notional_below_fee_threshold,,,,,,3.712567764237306,2300.0,,,,,,
2024-11-26,EME,skip_risk_cap_notional_below_fee_threshold,,,,,,2.4475713941903403,2300.0,,,,,,
2024-11-26,NRG,skip_risk_cap_notional_below_fee_threshold,,,,,,2.2919729295377107,2300.0,,,,,,
2024-11-26,GE,skip_risk_cap_notional_below_fee_threshold,,,,,,1.1936783814267273,2300.0,,,,,,
2024-11-26,KKR,skip_risk_cap_notional_below_fee_threshold,,,,,,3.697169702032786,2300.0,,,,,,
2024-11-27,EME,skip_risk_cap_notional_below_fee_threshold,,,,,,2.4231575735430084,2300.0,,,,,,
2024-11-27,NRG,skip_risk_cap_notional_below_fee_threshold,,,,,,2.2154788286565683,2300.0,,,,,,
2024-11-27,GE,skip_risk_cap_notional_below_fee_threshold,,,,,,1.145536007862498,2300.0,,,,,,
2024-11-27,KKR,skip_risk_cap_notional_below_fee_threshold,,,,,,3.6969506735518403,2300.0,,,,,,
2024-11-29,EME,skip_risk_cap_notional_below_fee_threshold,,,,,,2.3956610465591597,2300.0,,,,,,
2024-11-29,NRG,skip_risk_cap_notional_below_fee_threshold,,,,,,2.3211721262932308,2300.0,,,,,,
2024-11-29,GE,skip_risk_cap_notional_below_fee_threshold,,,,,,1.13310466060154,2300.0,,,,,,
2024-11-29,KKR,skip_risk_cap_notional_below_fee_threshold,,,,,,3.7726183368237343,2300.0,,,,,,
2024-12-02,EME,skip_risk_cap_notional_below_fee_threshold,,,,,,2.3932883806918275,2300.0,,,,,,
2024-12-02,NRG,skip_risk_cap_notional_below_fee_threshold,,,,,,2.2490340901537254,2300.0,,,,,,
2024-12-02,GE,skip_risk_cap_notional_below_fee_threshold,,,,,,1.1451640449402172,2300.0,,,,,,
2024-12-02,KKR,skip_risk_cap_notional_below_fee_threshold,,,,,,3.683521826668646,2300.0,,,,,,
2024-12-03,EME,skip_risk_cap_notional_below_fee_threshold,,,,,,2.4516503038180915,2300.0,,,,,,
2024-12-03,NRG,skip_risk_cap_notional_below_fee_threshold,,,,,,2.2375071505692015,2300.0,,,,,,
2024-12-03,GE,skip_risk_cap_notional_below_fee_threshold,,,,,,1.1578489332304542,2300.0,,,,,,
2024-12-03,KKR,skip_risk_cap_notional_below_fee_threshold,,,,,,3.609610609681732,2300.0,,,,,,
2024-12-04,EME,skip_risk_cap_notional_below_fee_threshold,,,,,,2.4814460657798456,2300.0,,,,,,
2024-12-04,NRG,skip_risk_cap_notional_below_fee_threshold,,,,,,2.3132494785956883,2300.0,,,,,,
2024-12-04,GE,skip_risk_cap_notional_below_fee_threshold,,,,,,1.1776189234378762,2300.0,,,,,,
2024-12-04,KKR,skip_risk_cap_notional_below_fee_threshold,,,,,,3.565548292900651,2300.0,,,,,,
2024-12-05,EME,skip_risk_cap_notional_below_fee_threshold,,,,,,2.5083130412885986,2300.0,,,,,,
2024-12-05,NRG,skip_risk_cap_notional_below_fee_threshold,,,,,,2.3745476800858683,2300.0,,,,,,
2024-12-05,GE,skip_risk_cap_notional_below_fee_threshold,,,,,,0.9649635431289836,2300.0,,,,,,
2024-12-05,KKR,skip_risk_cap_notional_below_fee_threshold,,,,,,3.5810429374816266,2300.0,,,,,,
2024-12-06,EME,skip_risk_cap_notional_below_fee_threshold,,,,,,2.464055695610217,2300.0,,,,,,
2024-12-06,NRG,skip_risk_cap_notional_below_fee_threshold,,,,,,2.265257586720279,2300.0,,,,,,
2024-12-06,GE,skip_risk_cap_notional_below_fee_threshold,,,,,,1.0430533022542634,2300.0,,,,,,
2024-12-06,KKR,skip_risk_cap_notional_below_fee_threshold,,,,,,3.63359281703364,2300.0,,,,,,
2024-12-09,EME,skip_risk_cap_notional_below_fee_threshold,,,,,,2.242550760033859,2300.0,,,,,,
2024-12-09,NRG,skip_risk_cap_notional_below_fee_threshold,,,,,,2.2158735157321066,2300.0,,,,,,
2024-12-09,GE,skip_risk_cap_notional_below_fee_threshold,,,,,,1.0689412219423686,2300.0,,,,,,
2024-12-09,KKR,skip_risk_cap_notional_below_fee_threshold,,,,,,3.5138624380129113,2300.0,,,,,,
2024-12-10,EME,skip_risk_cap_notional_below_fee_threshold,,,,,,2.224080474870466,2300.0,,,,,,
2024-12-10,NRG,skip_risk_cap_notional_below_fee_threshold,,,,,,2.111224817573968,2300.0,,,,,,
2024-12-10,GE,skip_risk_cap_notional_below_fee_threshold,,,,,,1.0995453604497434,2300.0,,,,,,
2024-12-10,KKR,skip_risk_cap_notional_below_fee_threshold,,,,,,3.521295554458223,2300.0,,,,,,
2024-12-11,EME,skip_risk_cap_notional_below_fee_threshold,,,,,,2.2476286182874214,2300.0,,,,,,
2024-12-11,NRG,skip_risk_cap_notional_below_fee_threshold,,,,,,2.158626762603683,2300.0,,,,,,
2024-12-11,GE,skip_risk_cap_notional_below_fee_threshold,,,,,,0.9763646843243126,2300.0,,,,,,
2024-12-11,KKR,skip_risk_cap_notional_below_fee_threshold,,,,,,3.719452514948547,2300.0,,,,,,
2024-12-12,EME,skip_risk_cap_notional_below_fee_threshold,,,,,,2.2695262428781158,2300.0,,,,,,
2024-12-12,NRG,skip_risk_cap_notional_below_fee_threshold,,,,,,2.1690390924952476,2300.0,,,,,,
2024-12-12,GE,skip_risk_cap_notional_below_fee_threshold,,,,,,0.9074460117118397,2300.0,,,,,,
2024-12-12,KKR,skip_risk_cap_notional_below_fee_threshold,,,,,,3.675383577792454,2300.0,,,,,,
2024-12-13,EME,skip_risk_cap_notional_below_fee_threshold,,,,,,2.266200161194958,2300.0,,,,,,
2024-12-13,NRG,skip_risk_cap_notional_below_fee_threshold,,,,,,2.1677928604223857,2300.0,,,,,,
2024-12-13,GE,skip_risk_cap_notional_below_fee_threshold,,,,,,0.9462516006545864,2300.0,,,,,,
2024-12-13,KKR,skip_risk_cap_notional_below_fee_threshold,,,,,,3.6195751510755394,2300.0,,,,,,
2024-12-16,EME,skip_risk_cap_notional_below_fee_threshold,,,,,,2.3146856123970876,2300.0,,,,,,
2024-12-16,NRG,skip_risk_cap_notional_below_fee_threshold,,,,,,2.10756498406397,2300.0,,,,,,
2024-12-16,GE,skip_risk_cap_notional_below_fee_threshold,,,,,,0.9269826368201749,2300.0,,,,,,
2024-12-16,KKR,skip_risk_cap_notional_below_fee_threshold,,,,,,3.686699610672367,2300.0,,,,,,
2024-12-17,EME,skip_risk_cap_notional_below_fee_threshold,,,,,,2.2955131150350456,2300.0,,,,,,
2024-12-17,NRG,skip_risk_cap_notional_below_fee_threshold,,,,,,2.0173682369755634,2300.0,,,,,,
2024-12-17,GE,skip_risk_cap_notional_below_fee_threshold,,,,,,0.9981111721310572,2300.0,,,,,,
2024-12-17,KKR,skip_risk_cap_notional_below_fee_threshold,,,,,,3.535958790887611,2300.0,,,,,,
2024-12-18,EME,skip_risk_cap_notional_below_fee_threshold,,,,,,2.272562552765444,2300.0,,,,,,
2024-12-18,NRG,skip_risk_cap_notional_below_fee_threshold,,,,,,1.9889962845306082,2300.0,,,,,,
2024-12-18,GE,skip_risk_cap_notional_below_fee_threshold,,,,,,0.9697763761963937,2300.0,,,,,,
2024-12-18,KKR,skip_risk_cap_notional_below_fee_threshold,,,,,,3.2851120209517726,2300.0,,,,,,
2024-12-19,EME,skip_risk_cap_notional_below_fee_threshold,,,,,,2.2446988472208322,2300.0,,,,,,
2024-12-19,NRG,skip_risk_cap_notional_below_fee_threshold,,,,,,1.9882223938808168,2300.0,,,,,,
2024-12-19,GE,skip_risk_cap_notional_below_fee_threshold,,,,,,1.0695694400875415,2300.0,,,,,,
2024-12-19,KKR,skip_risk_cap_notional_below_fee_threshold,,,,,,3.2844924725596534,2300.0,,,,,,
2024-12-20,EME,skip_risk_cap_notional_below_fee_threshold,,,,,,2.2079315987464576,2300.0,,,,,,
2024-12-20,NRG,skip_risk_cap_notional_below_fee_threshold,,,,,,2.0035925591607087,2300.0,,,,,,
2024-12-20,GE,skip_risk_cap_notional_below_fee_threshold,,,,,,1.107837326549571,2300.0,,,,,,
2024-12-20,KKR,skip_risk_cap_notional_below_fee_threshold,,,,,,3.4133758578050553,2300.0,,,,,,
2024-12-23,EME,skip_risk_cap_notional_below_fee_threshold,,,,,,2.1548682933379344,2300.0,,,,,,
2024-12-23,NRG,skip_risk_cap_notional_below_fee_threshold,,,,,,2.085118985448711,2300.0,,,,,,
2024-12-23,GE,skip_risk_cap_notional_below_fee_threshold,,,,,,1.1018249279063252,2300.0,,,,,,
2024-12-23,KKR,skip_risk_cap_notional_below_fee_threshold,,,,,,3.452077199156838,2300.0,,,,,,
2024-12-24,EME,skip_risk_cap_notional_below_fee_threshold,,,,,,2.1158658852672265,2300.0,,,,,,
2024-12-24,NRG,skip_risk_cap_notional_below_fee_threshold,,,,,,2.0895115300493416,2300.0,,,,,,
2024-12-24,GE,skip_risk_cap_notional_below_fee_threshold,,,,,,1.1244088219147064,2300.0,,,,,,
2024-12-24,KKR,skip_risk_cap_notional_below_fee_threshold,,,,,,3.5753282391668586,2300.0,,,,,,
2024-12-26,EME,skip_risk_cap_notional_below_fee_threshold,,,,,,2.1462737884388177,2300.0,,,,,,
2024-12-26,NRG,skip_risk_cap_notional_below_fee_threshold,,,,,,2.072462265979898,2300.0,,,,,,
2024-12-26,GE,skip_risk_cap_notional_below_fee_threshold,,,,,,1.1356267978915473,2300.0,,,,,,
2024-12-26,KKR,skip_risk_cap_notional_below_fee_threshold,,,,,,3.566648453419378,2300.0,,,,,,
2024-12-27,EME,skip_risk_cap_notional_below_fee_threshold,,,,,,2.1071145327701637,2300.0,,,,,,
2024-12-27,NRG,skip_risk_cap_notional_below_fee_threshold,,,,,,2.0661097578224576,2300.0,,,,,,
2024-12-27,GE,skip_risk_cap_notional_below_fee_threshold,,,,,,1.134542821490054,2300.0,,,,,,
2024-12-27,KKR,skip_risk_cap_notional_below_fee_threshold,,,,,,3.491684923920419,2300.0,,,,,,
2024-12-30,EME,skip_risk_cap_notional_below_fee_threshold,,,,,,2.1017906875173065,2300.0,,,,,,
2024-12-30,NRG,skip_risk_cap_notional_below_fee_threshold,,,,,,2.097527243005798,2300.0,,,,,,
2024-12-30,GE,skip_risk_cap_notional_below_fee_threshold,,,,,,1.1026661436710947,2300.0,,,,,,
2024-12-30,KKR,skip_risk_cap_notional_below_fee_threshold,,,,,,3.4448119530399746,2300.0,,,,,,
2024-12-31,EME,skip_risk_cap_notional_below_fee_threshold,,,,,,2.093555714695738,2300.0,,,,,,
2024-12-31,NRG,skip_risk_cap_notional_below_fee_threshold,,,,,,2.0160933527573124,2300.0,,,,,,
2024-12-31,GE,skip_risk_cap_notional_below_fee_threshold,,,,,,1.0997064870930449,2300.0,,,,,,
2024-12-31,KKR,skip_risk_cap_notional_below_fee_threshold,,,,,,3.454254155805858,2300.0,,,,,,
2025-01-02,EME,skip_risk_cap_notional_below_fee_threshold,,,,,,2.0929857736815562,2300.0,,,,,,
2025-01-02,NRG,skip_risk_cap_notional_below_fee_threshold,,,,,,2.119263679101676,2300.0,,,,,,
2025-01-02,GE,skip_risk_cap_notional_below_fee_threshold,,,,,,1.1021636259803604,2300.0,,,,,,
2025-01-02,KKR,skip_risk_cap_notional_below_fee_threshold,,,,,,3.4677897668445694,2300.0,,,,,,
2025-01-03,EME,skip_risk_cap_notional_below_fee_threshold,,,,,,2.170439915384201,2300.0,,,,,,
2025-01-03,NRG,skip_risk_cap_notional_below_fee_threshold,,,,,,2.3437136817926443,2300.0,,,,,,
2025-01-03,GE,skip_risk_cap_notional_below_fee_threshold,,,,,,1.0789256749319276,2300.0,,,,,,
2025-01-03,KKR,skip_risk_cap_notional_below_fee_threshold,,,,,,3.4853935837655574,2300.0,,,,,,
2025-01-06,EME,skip_risk_cap_notional_below_fee_threshold,,,,,,2.230191730461805,2300.0,,,,,,
2025-01-06,NRG,skip_risk_cap_notional_below_fee_threshold,,,,,,2.3518043462213662,2300.0,,,,,,
2025-01-06,GE,skip_risk_cap_notional_below_fee_threshold,,,,,,1.0869528390154408,2300.0,,,,,,
2025-01-06,KKR,skip_risk_cap_notional_below_fee_threshold,,,,,,3.422184940485048,2300.0,,,,,,
2025-01-07,EME,skip_risk_cap_notional_below_fee_threshold,,,,,,2.186625589974947,2300.0,,,,,,
2025-01-07,NRG,skip_risk_cap_notional_below_fee_threshold,,,,,,2.2974498211250114,2300.0,,,,,,
2025-01-07,GE,skip_risk_cap_notional_below_fee_threshold,,,,,,1.1450781775912708,2300.0,,,,,,
2025-01-07,KKR,skip_risk_cap_notional_below_fee_threshold,,,,,,3.297245849006712,2300.0,,,,,,
2025-01-08,EME,skip_risk_cap_notional_below_fee_threshold,,,,,,2.2143262594835567,2300.0,,,,,,
2025-01-08,NRG,skip_risk_cap_notional_below_fee_threshold,,,,,,2.363923041517586,2300.0,,,,,,
2025-01-08,GE,skip_risk_cap_notional_below_fee_threshold,,,,,,1.1210474350459063,2300.0,,,,,,
2025-01-08,KKR,skip_risk_cap_notional_below_fee_threshold,,,,,,3.331510008556266,2300.0,,,,,,
2025-01-10,EME,skip_risk_cap_notional_below_fee_threshold,,,,,,2.1730315670457534,2300.0,,,,,,
2025-01-10,NRG,skip_risk_cap_notional_below_fee_threshold,,,,,,2.4760425217053834,2300.0,,,,,,
2025-01-10,GE,skip_risk_cap_notional_below_fee_threshold,,,,,,1.1522771530925482,2300.0,,,,,,
2025-01-10,KKR,skip_risk_cap_notional_below_fee_threshold,,,,,,3.0627452062733385,2300.0,,,,,,
2025-01-13,EME,skip_risk_cap_notional_below_fee_threshold,,,,,,2.1978986235804014,2300.0,,,,,,
2025-01-13,NRG,skip_risk_cap_notional_below_fee_threshold,,,,,,2.364398754310662,2300.0,,,,,,
2025-01-13,GE,skip_risk_cap_notional_below_fee_threshold,,,,,,1.1653064553838965,2300.0,,,,,,
2025-01-13,KKR,skip_risk_cap_notional_below_fee_threshold,,,,,,3.0934055574320047,2300.0,,,,,,
2025-01-14,EME,skip_risk_cap_notional_below_fee_threshold,,,,,,2.3896377490385246,2300.0,,,,,,
2025-01-14,NRG,skip_risk_cap_notional_below_fee_threshold,,,,,,2.411501094032715,2300.0,,,,,,
2025-01-14,GE,skip_risk_cap_notional_below_fee_threshold,,,,,,1.1991860817385231,2300.0,,,,,,
2025-01-14,KKR,skip_risk_cap_notional_below_fee_threshold,,,,,,3.0981286933440635,2300.0,,,,,,
2025-01-15,EME,skip_risk_cap_notional_below_fee_threshold,,,,,,2.3833343621605247,2300.0,,,,,,
2025-01-15,NRG,skip_risk_cap_notional_below_fee_threshold,,,,,,2.5477401990883473,2300.0,,,,,,
2025-01-15,GE,skip_risk_cap_notional_below_fee_threshold,,,,,,1.1750849746719818,2300.0,,,,,,
2025-01-15,KKR,skip_risk_cap_notional_below_fee_threshold,,,,,,3.295035367149931,2300.0,,,,,,
2025-01-16,EME,skip_risk_cap_notional_below_fee_threshold,,,,,,2.442252235872054,2300.0,,,,,,
2025-01-16,NRG,skip_risk_cap_notional_below_fee_threshold,,,,,,2.6107131490905573,2300.0,,,,,,
2025-01-16,GE,skip_risk_cap_notional_below_fee_threshold,,,,,,1.1110902069279138,2300.0,,,,,,
2025-01-16,KKR,skip_risk_cap_notional_below_fee_threshold,,,,,,3.369553594855592,2300.0,,,,,,
2025-01-17,EME,skip_risk_cap_notional_below_fee_threshold,,,,,,2.36845515489599,2300.0,,,,,,
2025-01-17,NRG,skip_risk_cap_notional_below_fee_threshold,,,,,,2.5031914538690976,2300.0,,,,,,
2025-01-17,GE,skip_risk_cap_notional_below_fee_threshold,,,,,,1.1716038290147464,2300.0,,,,,,
2025-01-17,KKR,skip_risk_cap_notional_below_fee_threshold,,,,,,3.545213330114132,2300.0,,,,,,
2025-01-21,EME,skip_risk_cap_notional_below_fee_threshold,,,,,,2.4743959213244873,2300.0,,,,,,
2025-01-21,NRG,skip_risk_cap_notional_below_fee_threshold,,,,,,2.7763213061081613,2300.0,,,,,,
2025-01-21,GE,skip_risk_cap_notional_below_fee_threshold,,,,,,1.1551374686500742,2300.0,,,,,,
2025-01-21,KKR,skip_risk_cap_notional_below_fee_threshold,,,,,,3.54981334486884,2300.0,,,,,,
2025-01-22,EME,skip_risk_cap_notional_below_fee_threshold,,,,,,2.5644829424143505,2300.0,,,,,,
2025-01-22,NRG,skip_risk_cap_notional_below_fee_threshold,,,,,,2.6923989526487078,2300.0,,,,,,
2025-01-22,GE,skip_risk_cap_notional_below_fee_threshold,,,,,,1.1636648353244667,2300.0,,,,,,
2025-01-22,KKR,skip_risk_cap_notional_below_fee_threshold,,,,,,3.572172957196583,2300.0,,,,,,
2025-01-23,EME,skip_risk_cap_notional_below_fee_threshold,,,,,,2.4461937810319423,2300.0,,,,,,
2025-01-23,NRG,skip_risk_cap_notional_below_fee_threshold,,,,,,2.634538251015078,2300.0,,,,,,
2025-01-23,GE,skip_risk_cap_notional_below_fee_threshold,,,,,,1.4190533934838427,2300.0,,,,,,
2025-01-23,KKR,skip_risk_cap_notional_below_fee_threshold,,,,,,3.6767961340663247,2300.0,,,,,,
2025-01-24,EME,skip_risk_cap_notional_below_fee_threshold,,,,,,2.4432208674525255,2300.0,,,,,,
2025-01-24,NRG,skip_risk_cap_notional_below_fee_threshold,,,,,,2.74012436535325,2300.0,,,,,,
2025-01-24,GE,skip_risk_cap_notional_below_fee_threshold,,,,,,1.3122545692261274,2300.0,,,,,,
2025-01-24,KKR,skip_risk_cap_notional_below_fee_threshold,,,,,,3.6842001676816793,2300.0,,,,,,
2025-01-27,EME,skip_risk_cap_notional_below_fee_threshold,,,,,,1.594398035063242,2300.0,,,,,,
2025-01-27,NRG,skip_risk_cap_notional_below_fee_threshold,,,,,,2.219970982344174,2300.0,,,,,,
2025-01-27,GE,skip_risk_cap_notional_below_fee_threshold,,,,,,1.600745019165261,2300.0,,,,,,
2025-01-27,KKR,skip_risk_cap_notional_below_fee_threshold,,,,,,3.8361647228949742,2300.0,,,,,,
2025-01-28,EME,skip_risk_cap_notional_below_fee_threshold,,,,,,1.607939725706232,2300.0,,,,,,
2025-01-28,NRG,skip_risk_cap_notional_below_fee_threshold,,,,,,2.333372415929987,2300.0,,,,,,
2025-01-28,GE,skip_risk_cap_notional_below_fee_threshold,,,,,,1.5161175428030056,2300.0,,,,,,
2025-01-28,KKR,skip_risk_cap_notional_below_fee_threshold,,,,,,4.017435448852217,2300.0,,,,,,
2025-01-29,EME,skip_risk_cap_notional_below_fee_threshold,,,,,,1.6088113535633406,2300.0,,,,,,
2025-01-29,NRG,skip_risk_cap_notional_below_fee_threshold,,,,,,2.3033124096897364,2300.0,,,,,,
2025-01-29,GE,skip_risk_cap_notional_below_fee_threshold,,,,,,1.6253217255560601,2300.0,,,,,,
2025-01-29,KKR,skip_risk_cap_notional_below_fee_threshold,,,,,,3.9708937335430052,2300.0,,,,,,
2025-01-30,EME,skip_risk_cap_notional_below_fee_threshold,,,,,,1.6337437674077098,2300.0,,,,,,
2025-01-30,NRG,skip_risk_cap_notional_below_fee_threshold,,,,,,2.4774851573386654,2300.0,,,,,,
2025-01-30,GE,skip_risk_cap_notional_below_fee_threshold,,,,,,1.7096601318977056,2300.0,,,,,,
2025-01-30,KKR,skip_risk_cap_notional_below_fee_threshold,,,,,,3.91237743056774,2300.0,,,,,,
2025-01-31,EME,forced_exit_fee_capped_to_avoid_negative_cash,,,,,,5.331312015629466,,,,,23.0,5.331312015629466,0.0
2025-01-31,NRG,forced_exit_fee_capped_to_avoid_negative_cash,,,,,,6.021157344771888,,,,,23.0,6.021157344771888,0.0
2025-01-31,GE,forced_exit_fee_capped_to_avoid_negative_cash,,,,,,5.336265905046726,,,,,23.0,5.336265905046726,0.0
2025-01-31,KKR,skip_sell_notional_below_fee_threshold,,,,,,7.192845891149549,2300.0,,,,,,
2025-01-31,__ALL__,relax_buy_notional_threshold_full_block,,,,,,,2300.0,19.0,7.5714167275258415,0.0,,,
2025-01-31,KKR,skip_risk_cap_notional_below_fee_threshold,,,,,,6.435704218396966,2300.0,,,,,,
2025-02-03,KKR,skip_risk_cap_notional_below_fee_threshold,,,,,,6.287397720717584,2300.0,,,,,,
2025-02-04,KKR,skip_risk_cap_notional_below_fee_threshold,,,,,,5.751185635357308,2300.0,,,,,,
2025-02-05,KKR,skip_risk_cap_notional_below_fee_threshold,,,,,,5.924915192047627,2300.0,,,,,,
2025-02-06,KKR,skip_risk_cap_notional_below_fee_threshold,,,,,,5.839398471879422,2300.0,,,,,,
2025-02-07,KKR,skip_risk_cap_notional_below_fee_threshold,,,,,,5.724605746768517,2300.0,,,,,,
2025-02-10,KKR,skip_risk_cap_notional_below_fee_threshold,,,,,,5.698411270997691,2300.0,,,,,,
2025-02-11,KKR,skip_risk_cap_notional_below_fee_threshold,,,,,,5.487702181996961,2300.0,,,,,,
2025-02-12,KKR,skip_risk_cap_notional_below_fee_threshold,,,,,,5.375220160421996,2300.0,,,,,,
2025-02-13,KKR,skip_risk_cap_notional_below_fee_threshold,,,,,,5.36597557290637,2300.0,,,,,,
2025-02-14,KKR,skip_risk_cap_notional_below_fee_threshold,,,,,,5.421323099837477,2300.0,,,,,,
2025-02-18,KKR,skip_risk_cap_notional_below_fee_threshold,,,,,,5.422865933357253,2300.0,,,,,,
2025-02-19,KKR,skip_risk_cap_notional_below_fee_threshold,,,,,,5.340712708486951,2300.0,,,,,,
2025-02-20,KKR,skip_risk_cap_notional_below_fee_threshold,,,,,,5.189520343664446,2300.0,,,,,,
2025-02-21,KKR,skip_risk_cap_notional_below_fee_threshold,,,,,,5.099653542319216,2300.0,,,,,,
2025-02-24,KKR,skip_risk_cap_notional_below_fee_threshold,,,,,,5.059927056994858,2300.0,,,,,,
2025-02-25,KKR,skip_risk_cap_notional_below_fee_threshold,,,,,,4.998216080699616,2300.0,,,,,,
2025-02-26,KKR,skip_risk_cap_notional_below_fee_threshold,,,,,,5.117395536672691,2300.0,,,,,,
2025-02-27,KKR,skip_risk_cap_notional_below_fee_threshold,,,,,,5.098882125559328,2300.0,,,,,,
2025-02-28,KKR,skip_risk_cap_notional_below_fee_threshold,,,,,,5.229632832930725,2300.0,,,,,,
2025-03-03,KKR,skip_risk_cap_notional_below_fee_threshold,,,,,,5.130123026524916,2300.0,,,,,,
2025-03-04,KKR,skip_risk_cap_notional_below_fee_threshold,,,,,,4.658419116009914,2300.0,,,,,,
2025-03-05,KKR,skip_risk_cap_notional_below_fee_threshold,,,,,,4.745200250315592,2300.0,,,,,,
2025-03-06,KKR,skip_risk_cap_notional_below_fee_threshold,,,,,,4.479070926137421,2300.0,,,,,,
2025-03-07,KKR,skip_risk_cap_notional_below_fee_threshold,,,,,,4.445901187710135,2300.0,,,,,,
2025-03-10,KKR,skip_risk_cap_notional_below_fee_threshold,,,,,,4.172057991495059,2300.0,,,,,,
2025-03-11,KKR,skip_risk_cap_notional_below_fee_threshold,,,,,,4.324021773077452,2300.0,,,,,,
2025-03-12,KKR,skip_risk_cap_notional_below_fee_threshold,,,,,,4.41118891132505,2300.0,,,,,,
2025-03-13,KKR,skip_risk_cap_notional_below_fee_threshold,,,,,,4.192114531690176,2300.0,,,,,,
2025-03-14,KKR,skip_risk_cap_notional_below_fee_threshold,,,,,,4.370305005298883,2300.0,,,,,,
2025-03-17,KKR,skip_risk_cap_notional_below_fee_threshold,,,,,,4.461714935725867,2300.0,,,,,,
2025-03-18,KKR,skip_risk_cap_notional_below_fee_threshold,,,,,,4.397689413588983,2300.0,,,,,,
2025-03-19,KKR,skip_risk_cap_notional_below_fee_threshold,,,,,,4.494884674153152,2300.0,,,,,,
2025-03-20,KKR,skip_risk_cap_notional_below_fee_threshold,,,,,,4.501441421050225,2300.0,,,,,,
2025-03-21,KKR,skip_risk_cap_notional_below_fee_threshold,,,,,,4.493341840633375,2300.0,,,,,,
2025-03-24,KKR,skip_risk_cap_notional_below_fee_threshold,,,,,,4.704316639851401,2300.0,,,,,,
2025-03-25,KKR,skip_risk_cap_notional_below_fee_threshold,,,,,,4.71241622026825,2300.0,,,,,,
2025-03-26,KKR,skip_risk_cap_notional_below_fee_threshold,,,,,,4.606735966469265,2300.0,,,,,,
2025-03-27,KKR,skip_risk_cap_notional_below_fee_threshold,,,,,,4.533454034337678,2300.0,,,,,,
2025-03-28,KKR,skip_risk_cap_notional_below_fee_threshold,,,,,,4.4300877352563806,2300.0,,,,,,
2025-03-31,KKR,skip_risk_cap_notional_below_fee_threshold,,,,,,4.459014977066258,2300.0,,,,,,
2025-04-01,KKR,skip_risk_cap_notional_below_fee_threshold,,,,,,4.545024694612047,2300.0,,,,,,
2025-04-02,KKR,skip_risk_cap_notional_below_fee_threshold,,,,,,4.663047321007266,2300.0,,,,,,
2025-04-03,KKR,skip_risk_cap_notional_below_fee_threshold,,,,,,3.9552978621398496,2300.0,,,,,,
2025-04-04,KKR,skip_risk_cap_notional_below_fee_threshold,,,,,,3.578860079165341,2300.0,,,,,,
2025-04-07,KKR,skip_risk_cap_notional_below_fee_threshold,,,,,,3.762064761713322,2300.0,,,,,,
2025-04-08,KKR,skip_risk_cap_notional_below_fee_threshold,,,,,,3.645199556019912,2300.0,,,,,,
2025-04-09,KKR,skip_risk_cap_notional_below_fee_threshold,,,,,,4.26038225488249,2300.0,,,,,,
2025-04-10,KKR,skip_risk_cap_notional_below_fee_threshold,,,,,,3.9290705789895815,2300.0,,,,,,
2025-04-11,KKR,skip_risk_cap_notional_below_fee_threshold,,,,,,3.912485709775938,2300.0,,,,,,
2025-04-14,KKR,skip_risk_cap_notional_below_fee_threshold,,,,,,3.977668061490676,2300.0,,,,,,
2025-04-15,KKR,skip_risk_cap_notional_below_fee_threshold,,,,,,4.020094505474644,2300.0,,,,,,
2025-04-16,KKR,skip_risk_cap_notional_below_fee_threshold,,,,,,3.9360133298285747,2300.0,,,,,,
2025-04-17,KKR,skip_risk_cap_notional_below_fee_threshold,,,,,,3.9869247670473578,2300.0,,,,,,
2025-04-21,KKR,skip_risk_cap_notional_below_fee_threshold,,,,,,3.777878214167076,2300.0,,,,,,
2025-04-22,KKR,skip_risk_cap_notional_below_fee_threshold,,,,,,3.944884031443335,2300.0,,,,,,
2025-04-23,KKR,skip_risk_cap_notional_below_fee_threshold,,,,,,4.1196037207564995,2300.0,,,,,,
2025-04-24,KKR,skip_risk_cap_notional_below_fee_threshold,,,,,,4.367991050581195,2300.0,,,,,,
2025-04-25,KKR,skip_risk_cap_notional_below_fee_threshold,,,,,,4.382647377895117,2300.0,,,,,,
2025-04-28,KKR,skip_risk_cap_notional_below_fee_threshold,,,,,,4.394218333731463,2300.0,,,,,,
2025-04-29,KKR,skip_risk_cap_notional_below_fee_threshold,,,,,,4.410417494565163,2300.0,,,,,,
2025-04-30,KKR,forced_exit_fee_capped_to_avoid_negative_cash,,,,,,4.981127208771247,,,,,23.0,4.981127208771247,0.0
