rebalance_date,ticker,target_weight,achieved_weight,in_target,shares,turnover,fees_turnover,n_trades_rebalance
2015-01-30,AAL,0.05,0.05,1,268.4880430462639,0.5000000000000001,287.50000000000006,20
2015-01-30,AVGO,0.05,0.05,1,1584.368911865431,0.5000000000000001,287.50000000000006,20
2015-01-30,AXON,0.05,0.05,1,462.25934447231515,0.5000000000000001,287.50000000000006,20
2015-01-30,BBWI,0.05,0.05,1,270.5124139862738,0.5000000000000001,287.50000000000006,20
2015-01-30,CNC,0.05,0.05,1,457.51647420781086,0.5000000000000001,287.50000000000006,20
2015-01-30,DAL,0.05,0.05,1,301.35835341525575,0.5000000000000001,287.50000000000006,20
2015-01-30,DXCM,0.05,0.05,1,835.4382907297112,0.5000000000000001,287.50000000000006,20
2015-01-30,EA,0.05,0.05,1,234.0760578912476,0.5000000000000001,287.50000000000006,20
2015-01-30,ENPH,0.05,0.05,1,1007.7178897520192,0.5000000000000001,287.50000000000006,20
2015-01-30,EW,0.05,0.05,1,597.637224934104,0.5000000000000001,287.50000000000006,20
2015-01-30,KR,0.05,0.05,1,447.2031973694377,0.5000000000000001,287.50000000000006,20
2015-01-30,LOW,0.05,0.05,1,225.02172542073947,0.5000000000000001,287.50000000000006,20
2015-01-30,LUV,0.05,0.05000000000000001,1,312.9315368260349,0.5000000000000001,287.50000000000006,20
2015-01-30,MNST,0.05,0.05,1,640.5628913942295,0.5000000000000001,287.50000000000006,20
2015-01-30,PANW,0.05,0.05000000000000001,1,592.7195941005685,0.5000000000000001,287.50000000000006,20
2015-01-30,RCL,0.05,0.05,1,188.61320215094187,0.5000000000000001,287.50000000000006,20
2015-01-30,REGN,0.05,0.05,1,30.132175954737914,0.5000000000000001,287.50000000000006,20
2015-01-30,SMCI,0.05,0.05,1,3414.1713914660886,0.5000000000000001,287.50000000000006,20
2015-01-30,SWKS,0.05,0.05,1,186.89054486888497,0.5000000000000001,287.50000000000006,20
2015-01-30,UAL,0.05,0.05,1,179.98593780674437,0.5000000000000001,287.50000000000006,20
2015-04-30,AVGO,0.05,0.05000000000000001,1,1441.2622715564253,0.5523144359744352,330.50974061934204,31
2015-04-30,BBWI,0.05,0.05000000000000002,1,258.40820412946596,0.5523144359744352,330.50974061934204,31
2015-04-30,BSET,0.05,0.05000000000000001,1,716.8525371697127,0.5523144359744352,330.50974061934204,31
2015-04-30,CNC,0.05,0.05000000000000001,1,417.53683412188,0.5523144359744352,330.50974061934204,31
2015-04-30,COR,0.05,0.05000000000000001,1,131.88068124687214,0.5523144359744352,330.50974061934204,31
2015-04-30,COTY,0.05,0.05,1,628.361113234404,0.5523144359744352,330.50974061934204,31
2015-04-30,EA,0.05,0.05000000000000001,1,229.13296098593256,0.5523144359744352,330.50974061934204,31
2015-04-30,EPAM,0.05,0.05000000000000001,1,199.99311863881465,0.5523144359744352,330.50974061934204,31
2015-04-30,EW,0.05,0.05,1,613.1023324546682,0.5523144359744352,330.50974061934204,31
2015-04-30,FICO,0.05,0.05,1,146.52366297464155,0.5523144359744352,330.50974061934204,31
2015-04-30,INCY,0.05,0.05000000000000002,1,133.198374189291,0.5523144359744352,330.50974061934204,31
2015-04-30,KR,0.05,0.05000000000000001,1,463.2765305162964,0.5523144359744352,330.50974061934204,31
2015-04-30,MNST,0.05,0.05000000000000002,1,566.3292895681811,0.5523144359744352,330.50974061934204,31
2015-04-30,MOH,0.05,0.05000000000000001,1,218.49661698528348,0.5523144359744352,330.50974061934204,31
2015-04-30,NCLH,0.05,0.05000000000000001,1,266.78117855703726,0.5523144359744352,330.50974061934204,31
2015-04-30,NXPI,0.05,0.05,1,151.50835613081875,0.5523144359744352,330.50974061934204,31
2015-04-30,PANW,0.05,0.05000000000000001,1,525.6526449761667,0.5523144359744352,330.50974061934204,31
2015-04-30,RMD,0.05,0.05000000000000001,1,231.27335112714928,0.5523144359744352,330.50974061934204,31
2015-04-30,SSP,0.05,0.05000000000000001,1,581.8459029563011,0.5523144359744352,330.50974061934204,31
2015-04-30,SWKS,0.05,0.05000000000000001,1,174.1196922207574,0.5523144359744352,330.50974061934204,31
2015-07-31,AVGO,0.05,0.049999999999999996,1,1471.148750157271,0.5032112505816035,326.52771608240687,30
2015-07-31,AXON,0.05,0.05,1,521.0663677009547,0.5032112505816035,326.52771608240687,30
2015-07-31,BLDR,0.05,0.049999999999999996,1,943.0469552530913,0.5032112505816035,326.52771608240687,30
2015-07-31,BSET,0.05,0.04999999999999999,1,674.186307800385,0.5032112505816035,326.52771608240687,30
2015-07-31,CI,0.05,0.049999999999999996,1,107.75160249906975,0.5032112505816035,326.52771608240687,30
2015-07-31,CNC,0.05,0.04999999999999999,1,404.489568701383,0.5032112505816035,326.52771608240687,30
2015-07-31,COTY,0.05,0.049999999999999996,1,616.0055353150362,0.5032112505816035,326.52771608240687,30
2015-07-31,CZR,0.05,0.049999999999999996,1,1678.5120107908715,0.5032112505816035,326.52771608240687,30
2015-07-31,DXCM,0.05,0.049999999999999996,1,670.2150462074592,0.5032112505816035,326.52771608240687,30
2015-07-31,EA,0.05,0.049999999999999996,1,203.8797116950349,0.5032112505816035,326.52771608240687,30
2015-07-31,EPAM,0.05,0.049999999999999996,1,191.38343076806004,0.5032112505816035,326.52771608240687,30
2015-07-31,FTNT,0.05,0.049999999999999996,1,1485.4865597365033,0.5032112505816035,326.52771608240687,30
2015-07-31,HOLX,0.05,0.049999999999999996,1,340.45670242394806,0.5032112505816035,326.52771608240687,30
2015-07-31,IBKR,0.05,0.049999999999999996,1,1523.8193106231242,0.5032112505816035,326.52771608240687,30
2015-07-31,INCY,0.05,0.04999999999999999,1,136.0129107888712,0.5032112505816035,326.52771608240687,30
2015-07-31,MKTX,0.05,0.049999999999999996,1,159.33422158324245,0.5032112505816035,326.52771608240687,30
2015-07-31,MNST,0.05,0.05,1,554.2210623942572,0.5032112505816035,326.52771608240687,30
2015-07-31,NFLX,0.05,0.049999999999999996,1,1240.7861494146105,0.5032112505816035,326.52771608240687,30
2015-07-31,PANW,0.05,0.04999999999999999,1,457.9489158282297,0.5032112505816035,326.52771608240687,30
2015-07-31,SWKS,0.05,0.04999999999999999,1,183.76031845621765,0.5032112505816035,326.52771608240687,30
2015-10-30,AAP,0.05,0.05000000000000001,1,77.71595527912143,0.4297409090824151,266.8254077505815,28
2015-10-30,ALK,0.05,0.05000000000000002,1,191.9485663816572,0.4297409090824151,266.8254077505815,28
2015-10-30,AMZN,0.05,0.05000000000000001,1,431.3195223866972,0.4297409090824151,266.8254077505815,28
2015-10-30,BLDR,0.05,0.05000000000000001,1,1141.975097900051,0.4297409090824151,266.8254077505815,28
2015-10-30,BSET,0.05,0.05000000000000001,1,656.4174786659307,0.4297409090824151,266.8254077505815,28
2015-10-30,CZR,0.05,0.05000000000000001,1,1363.449073615152,0.4297409090824151,266.8254077505815,28
2015-10-30,DXCM,0.05,0.05000000000000001,1,648.0146595350482,0.4297409090824151,266.8254077505815,28
2015-10-30,EA,0.05,0.05000000000000001,1,192.62918006752906,0.4297409090824151,266.8254077505815,28
2015-10-30,EPAM,0.05,0.05000000000000001,1,174.50737653461647,0.4297409090824151,266.8254077505815,28
2015-10-30,FIX,0.05,0.05000000000000001,1,452.43362310409475,0.4297409090824151,266.8254077505815,28
2015-10-30,FTNT,0.05,0.05000000000000001,1,1964.2236440016154,0.4297409090824151,266.8254077505815,28
2015-10-30,GPN,0.05,0.05000000000000001,1,208.20395156203483,0.4297409090824151,266.8254077505815,28
2015-10-30,HOLX,0.05,0.05000000000000001,1,347.3531934294363,0.4297409090824151,266.8254077505815,28
2015-10-30,IBKR,0.05,0.05000000000000001,1,1411.7422382864272,0.4297409090824151,266.8254077505815,28
2015-10-30,INCY,0.05,0.05000000000000001,1,114.84851058343737,0.4297409090824151,266.8254077505815,28
2015-10-30,NFLX,0.05,0.05000000000000001,1,1245.446109807849,0.4297409090824151,266.8254077505815,28
2015-10-30,ORLY,0.05,0.05000000000000001,1,732.9007825256266,0.4297409090824151,266.8254077505815,28
2015-10-30,PANW,0.05,0.05000000000000001,1,503.0369955598896,0.4297409090824151,266.8254077505815,28
2015-10-30,SBUX,0.05,0.05000000000000001,1,266.4100740120194,0.4297409090824151,266.8254077505815,28
2015-10-30,TYL,0.05,0.05,1,79.2330668015698,0.4297409090824151,266.8254077505815,28
2016-01-29,AMZN,0.05,0.04999999999999999,1,397.0168930381691,0.7023552720782863,374.8120881471507,34
2016-01-29,AYI,0.05,0.04999999999999999,1,59.43332550960921,0.7023552720782863,374.8120881471507,34
2016-01-29,CZR,0.05,0.04999999999999999,1,1129.1130142149354,0.7023552720782863,374.8120881471507,34
2016-01-29,EXR,0.05,0.04999999999999999,1,186.53033989544292,0.7023552720782863,374.8120881471507,34
2016-01-29,FIX,0.05,0.04999999999999999,1,439.1476760896854,0.7023552720782863,374.8120881471507,34
2016-01-29,FSLR,0.05,0.04999999999999999,1,169.71228285195522,0.7023552720782863,374.8120881471507,34
2016-01-29,GOOGL,0.05,0.049999999999999975,1,308.4123991697809,0.7023552720782863,374.8120881471507,34
2016-01-29,GPN,0.05,0.049999999999999996,1,207.92258694063017,0.7023552720782863,374.8120881471507,34
2016-01-29,HRL,0.05,0.04999999999999999,1,373.0235733052309,0.7023552720782863,374.8120881471507,34
2016-01-29,KDP,0.05,0.04999999999999999,1,974.1572290790281,0.7023552720782863,374.8120881471507,34
2016-01-29,LDOS,0.05,0.04999999999999999,1,405.39364179752266,0.7023552720782863,374.8120881471507,34
2016-01-29,MKTX,0.05,0.04999999999999999,1,109.70324332213661,0.7023552720782863,374.8120881471507,34
2016-01-29,MSCI,0.05,0.04999999999999999,1,188.71310294451015,0.7023552720782863,374.8120881471507,34
2016-01-29,NFLX,0.05,0.04999999999999999,1,1268.776779481728,0.7023552720782863,374.8120881471507,34
2016-01-29,NVDA,0.05,0.04999999999999999,1,16309.475787877458,0.7023552720782863,374.8120881471507,34
2016-01-29,PSA,0.05,0.04999999999999999,1,68.26278633933048,0.7023552720782863,374.8120881471507,34
2016-01-29,STZ,0.05,0.04999999999999999,1,89.17620200273683,0.7023552720782863,374.8120881471507,34
2016-01-29,TAP,0.05,0.04999999999999999,1,164.78895988164112,0.7023552720782863,374.8120881471507,34
2016-01-29,TYL,0.05,0.049999999999999996,1,74.19104891920718,0.7023552720782863,374.8120881471507,34
2016-01-29,VRSN,0.05,0.04999999999999999,1,155.4776229494897,0.7023552720782863,374.8120881471507,34
2016-04-29,ALB,0.05,0.05,1,212.5978281573351,0.7182270202207871,406.9547605975248,34
2016-04-29,AMD,0.05,0.05,1,3470.8496979723677,0.7182270202207871,406.9547605975248,34
2016-04-29,ANF,0.05,0.05,1,557.4106416669317,0.7182270202207871,406.9547605975248,34
2016-04-29,AVY,0.05,0.05,1,202.655184946606,0.7182270202207871,406.9547605975248,34
2016-04-29,B,0.05,0.05,1,769.048723244184,0.7182270202207871,406.9547605975248,34
2016-04-29,CZR,0.05,0.05000000000000001,1,939.8563375265419,0.7182270202207871,406.9547605975248,34
2016-04-29,DLR,0.05,0.05,1,196.36161820508138,0.7182270202207871,406.9547605975248,34
2016-04-29,FSLR,0.05,0.05,1,220.65752558433434,0.7182270202207871,406.9547605975248,34
2016-04-29,HRL,0.05,0.05000000000000001,1,409.87809774911517,0.7182270202207871,406.9547605975248,34
2016-04-29,KLAC,0.05,0.05,1,208.71168225951115,0.7182270202207871,406.9547605975248,34
2016-04-29,MAT,0.05,0.05,1,427.8160155417296,0.7182270202207871,406.9547605975248,34
2016-04-29,MKTX,0.05,0.05000000000000001,1,109.56066192936932,0.7182270202207871,406.9547605975248,34
2016-04-29,NEM,0.05,0.05,1,448.58334055819563,0.7182270202207871,406.9547605975248,34
2016-04-29,NI,0.05,0.05,1,735.9003387325931,0.7182270202207871,406.9547605975248,34
2016-04-29,NVDA,0.05,0.05000000000000001,1,14165.499045970297,0.7182270202207871,406.9547605975248,34
2016-04-29,PSA,0.05,0.05000000000000001,1,74.26741912086457,0.7182270202207871,406.9547605975248,34
2016-04-29,SKY,0.05,0.05,1,1388.788308707653,0.7182270202207871,406.9547605975248,34
2016-04-29,TSN,0.05,0.05,1,237.95921887654342,0.7182270202207871,406.9547605975248,34
2016-04-29,TTWO,0.05,0.05,1,360.4890623840364,0.7182270202207871,406.9547605975248,34
2016-04-29,WOR,0.05,0.049999999999999954,1,642.2211066034665,0.7182270202207871,406.9547605975248,34
2016-07-29,ALB,0.05,0.049999999999999996,1,193.43429119685496,0.5122289193332765,337.1567667387751,30
2016-07-29,AMD,0.05,0.049999999999999996,1,2087.0792039726402,0.5122289193332765,337.1567667387751,30
2016-07-29,ATO,0.05,0.049999999999999975,1,224.78174806842475,0.5122289193332765,337.1567667387751,30
2016-07-29,AWK,0.05,0.049999999999999975,1,208.10226768557646,0.5122289193332765,337.1567667387751,30
2016-07-29,B,0.05,0.04999999999999998,1,790.9140334996863,0.5122289193332765,337.1567667387751,30
2016-07-29,CLF,0.05,0.049999999999999975,1,1911.4766725306329,0.5122289193332765,337.1567667387751,30
2016-07-29,CZR,0.05,0.04999999999999999,1,990.8210246983779,0.5122289193332765,337.1567667387751,30
2016-07-29,DLR,0.05,0.04999999999999999,1,190.51896154843615,0.5122289193332765,337.1567667387751,30
2016-07-29,DXC,0.05,0.049999999999999975,1,368.2604032870107,0.5122289193332765,337.1567667387751,30
2016-07-29,EVRG,0.05,0.04999999999999998,1,362.6952052275356,0.5122289193332765,337.1567667387751,30
2016-07-29,IRM,0.05,0.049999999999999975,1,590.7647657119333,0.5122289193332765,337.1567667387751,30
2016-07-29,MTW,0.05,0.049999999999999975,1,642.6105555054664,0.5122289193332765,337.1567667387751,30
2016-07-29,NEM,0.05,0.04999999999999999,1,413.9791303874629,0.5122289193332765,337.1567667387751,30
2016-07-29,NI,0.05,0.04999999999999999,1,751.9496084347314,0.5122289193332765,337.1567667387751,30
2016-07-29,NVDA,0.05,0.049999999999999996,1,10215.591764710913,0.5122289193332765,337.1567667387751,30
2016-07-29,O,0.05,0.049999999999999975,1,323.78481780883146,0.5122289193332765,337.1567667387751,30
2016-07-29,OKE,0.05,0.049999999999999975,1,578.7507809539443,0.5122289193332765,337.1567667387751,30
2016-07-29,SKY,0.05,0.04999999999999998,1,1583.9907203757175,0.5122289193332765,337.1567667387751,30
2016-07-29,ULTA,0.05,0.049999999999999975,1,54.81169972921839,0.5122289193332765,337.1567667387751,30
2016-07-29,WOR,0.05,0.04999999999999998,1,632.7267867610128,0.5122289193332765,337.1567667387751,30
2016-10-31,ALB,0.05,0.05000000000000001,1,183.96475533438942,0.5293082124141231,328.2995010783237,30
2016-10-31,AMAT,0.05,0.05000000000000001,1,517.3204872502871,0.5293082124141231,328.2995010783237,30
2016-10-31,AMD,0.05,0.05000000000000002,1,1876.84705773714,0.5293082124141231,328.2995010783237,30
2016-10-31,AMZN,0.05,0.05000000000000001,1,343.6125667936308,0.5293082124141231,328.2995010783237,30
2016-10-31,B,0.05,0.05000000000000001,1,930.5522219263052,0.5293082124141231,328.2995010783237,30
2016-10-31,CLF,0.05,0.05000000000000001,1,2596.034993133239,0.5293082124141231,328.2995010783237,30
2016-10-31,CNX,0.05,0.05000000000000001,1,959.8222656413931,0.5293082124141231,328.2995010783237,30
2016-10-31,DXC,0.05,0.05000000000000001,1,305.6617032722562,0.5293082124141231,328.2995010783237,30
2016-10-31,EW,0.05,0.05000000000000001,1,427.52420363991973,0.5293082124141231,328.2995010783237,30
2016-10-31,GEN,0.05,0.05000000000000001,1,1112.8995551556266,0.5293082124141231,328.2995010783237,30
2016-10-31,IDXX,0.05,0.05000000000000001,1,126.6530179255218,0.5293082124141231,328.2995010783237,30
2016-10-31,MKTX,0.05,0.05000000000000001,1,97.8907997804122,0.5293082124141231,328.2995010783237,30
2016-10-31,NEM,0.05,0.05,1,465.79540916629514,0.5293082124141231,328.2995010783237,30
2016-10-31,NL,0.05,0.05000000000000001,1,6311.61364147094,0.5293082124141231,328.2995010783237,30
2016-10-31,NVDA,0.05,0.049999999999999996,1,7754.757398465828,0.5293082124141231,328.2995010783237,30
2016-10-31,OKE,0.05,0.05000000000000001,1,494.2401374158794,0.5293082124141231,328.2995010783237,30
2016-10-31,SKY,0.05,0.05,1,1196.3392497945583,0.5293082124141231,328.2995010783237,30
2016-10-31,SPXC,0.05,0.05000000000000001,1,713.8139978883997,0.5293082124141231,328.2995010783237,30
2016-10-31,TPL,0.05,0.05000000000000001,1,519.8627647403629,0.5293082124141231,328.2995010783237,30
2016-10-31,WOR,0.05,0.05,1,562.6519593036555,0.5293082124141231,328.2995010783237,30
2017-01-31,AMD,0.05,0.04999999999999999,1,1568.188703789638,0.6176381907028992,470.62494854593143,32
2017-01-31,CLF,0.05,0.04999999999999999,1,1958.2126977669677,0.6176381907028992,470.62494854593143,32
2017-01-31,CMA,0.05,0.04999999999999998,1,348.6605706770755,0.6176381907028992,470.62494854593143,32
2017-01-31,FMCC,0.05,0.04999999999999999,1,4085.9589449497757,0.6176381907028992,470.62494854593143,32
2017-01-31,FNMA,0.05,0.04999999999999999,1,3853.5823429733036,0.6176381907028992,470.62494854593143,32
2017-01-31,NBR,0.05,0.04999999999999999,1,22.523852021596234,0.6176381907028992,470.62494854593143,32
2017-01-31,NC,0.05,0.04999999999999999,1,1185.5235186070313,0.6176381907028992,470.62494854593143,32
2017-01-31,NL,0.05,0.04999999999999999,1,4034.1217588544127,0.6176381907028992,470.62494854593143,32
2017-01-31,NVDA,0.05,0.04999999999999999,1,6048.131893115182,0.6176381907028992,470.62494854593143,32
2017-01-31,OKE,0.05,0.04999999999999999,1,514.7508288484379,0.6176381907028992,470.62494854593143,32
2017-01-31,RF,0.05,0.04999999999999999,1,1573.404913690472,0.6176381907028992,470.62494854593143,32
2017-01-31,SKY,0.05,0.04999999999999999,1,1584.3490529689766,0.6176381907028992,470.62494854593143,32
2017-01-31,SLM,0.05,0.04999999999999999,1,1558.79698654072,0.6176381907028992,470.62494854593143,32
2017-01-31,SPXC,0.05,0.04999999999999999,1,651.7882237097651,0.6176381907028992,470.62494854593143,32
2017-01-31,STLD,0.05,0.04999999999999998,1,577.8344756112768,0.6176381907028992,470.62494854593143,32
2017-01-31,TEX,0.05,0.04999999999999999,1,566.7776771093562,0.6176381907028992,470.62494854593143,32
2017-01-31,TPL,0.05,0.049999999999999996,1,520.5135414389896,0.6176381907028992,470.62494854593143,32
2017-01-31,TRGP,0.05,0.04999999999999998,1,408.57675469350175,0.6176381907028992,470.62494854593143,32
2017-01-31,UIS,0.05,0.04999999999999999,1,1265.5343343245568,0.6176381907028992,470.62494854593143,32
2017-01-31,ZION,0.05,0.04999999999999999,1,502.4139838443412,0.6176381907028992,470.62494854593143,32
2017-04-28,AMD,0.05,0.049999999999999996,1,1168.914449428207,0.5392780801646194,387.2776610911429,30
2017-04-28,ATGE,0.05,0.049999999999999996,1,410.7414273999887,0.5392780801646194,387.2776610911429,30
2017-04-28,BAC,0.05,0.049999999999999996,1,814.0414860616219,0.5392780801646194,387.2776610911429,30
2017-04-28,CLF,0.05,0.05,1,2443.135350063244,0.5392780801646194,387.2776610911429,30
2017-04-28,CMA,0.05,0.049999999999999996,1,317.359131159954,0.5392780801646194,387.2776610911429,30
2017-04-28,CSX,0.05,0.05,1,1033.4071737822221,0.5392780801646194,387.2776610911429,30
2017-04-28,DXC,0.05,0.049999999999999996,1,251.97892272175244,0.5392780801646194,387.2776610911429,30
2017-04-28,FMCC,0.05,0.049999999999999996,1,5435.861178528819,0.5392780801646194,387.2776610911429,30
2017-04-28,FNMA,0.05,0.049999999999999996,1,5225.735428138776,0.5392780801646194,387.2776610911429,30
2017-04-28,IDXX,0.05,0.049999999999999996,1,92.68802716481171,0.5392780801646194,387.2776610911429,30
2017-04-28,INCY,0.05,0.049999999999999996,1,125.09303631356094,0.5392780801646194,387.2776610911429,30
2017-04-28,MU,0.05,0.049999999999999996,1,575.8512061340281,0.5392780801646194,387.2776610911429,30
2017-04-28,NL,0.05,0.049999999999999996,1,2856.751955001213,0.5392780801646194,387.2776610911429,30
2017-04-28,NRG,0.05,0.049999999999999996,1,1116.9928505414669,0.5392780801646194,387.2776610911429,30
2017-04-28,NVDA,0.05,0.049999999999999996,1,6044.906310503172,0.5392780801646194,387.2776610911429,30
2017-04-28,RF,0.05,0.049999999999999996,1,1569.6543718655728,0.5392780801646194,387.2776610911429,30
2017-04-28,SLM,0.05,0.049999999999999996,1,1411.7760134645737,0.5392780801646194,387.2776610911429,30
2017-04-28,UIS,0.05,0.049999999999999996,1,1375.8019591092473,0.5392780801646194,387.2776610911429,30
2017-04-28,URI,0.05,0.049999999999999996,1,146.38108890209384,0.5392780801646194,387.2776610911429,30
2017-04-28,WDC,0.05,0.049999999999999996,1,257.1964219699001,0.5392780801646194,387.2776610911429,30
2017-07-31,ADSK,0.05,0.04999999999999999,1,146.99211535547371,0.6689128886826895,503.47353937676957,33
2017-07-31,ALGN,0.05,0.04999999999999999,1,97.3823895884153,0.6689128886826895,503.47353937676957,33
2017-07-31,AMD,0.05,0.049999999999999996,1,1196.5655404567533,0.6689128886826895,503.47353937676957,33
2017-07-31,APO,0.05,0.04999999999999999,1,795.8290163451087,0.6689128886826895,503.47353937676957,33
2017-07-31,ATGE,0.05,0.049999999999999996,1,501.08481830179187,0.6689128886826895,503.47353937676957,33
2017-07-31,BBY,0.05,0.04999999999999999,1,378.7537109242574,0.6689128886826895,503.47353937676957,33
2017-07-31,BCO,0.05,0.04999999999999999,1,227.78604898385635,0.6689128886826895,503.47353937676957,33
2017-07-31,CSX,0.05,0.05000000000000001,1,1111.271799838899,0.6689128886826895,503.47353937676957,33
2017-07-31,IAC,0.05,0.04999999999999999,1,994.4723416785037,0.6689128886826895,503.47353937676957,33
2017-07-31,IDXX,0.05,0.05,1,97.83284835979507,0.6689128886826895,503.47353937676957,33
2017-07-31,IPGP,0.05,0.049999999999999996,1,106.69062277205859,0.6689128886826895,503.47353937676957,33
2017-07-31,KBH,0.05,0.04999999999999999,1,788.8847022219842,0.6689128886826895,503.47353937676957,33
2017-07-31,MU,0.05,0.05000000000000001,1,593.5596205920773,0.6689128886826895,503.47353937676957,33
2017-07-31,NVDA,0.05,0.049999999999999996,1,4059.7272454030326,0.6689128886826895,503.47353937676957,33
2017-07-31,PENN,0.05,0.04999999999999999,1,807.8004324438888,0.6689128886826895,503.47353937676957,33
2017-07-31,TSLA,0.05,0.04999999999999999,1,755.1831256866386,0.6689128886826895,503.47353937676957,33
2017-07-31,TTWO,0.05,0.04999999999999999,1,204.8975328004633,0.6689128886826895,503.47353937676957,33
2017-07-31,VRTX,0.05,0.049999999999999996,1,107.26686740325539,0.6689128886826895,503.47353937676957,33
2017-07-31,WDC,0.05,0.05,1,280.3847248761944,0.6689128886826895,503.47353937676957,33
2017-07-31,WYNN,0.05,0.04999999999999999,1,138.52808408188898,0.6689128886826895,503.47353937676957,33
2017-10-31,ALGN,0.05,0.04999999999999999,1,78.26213671454563,0.6134009181559861,523.7324358318281,32
2017-10-31,BA,0.05,0.04999999999999997,1,76.48318331185564,0.6134009181559861,523.7324358318281,32
2017-10-31,BCO,0.05,0.04999999999999999,1,268.6520214042457,0.6134009181559861,523.7324358318281,32
2017-10-31,BSET,0.05,0.04999999999999997,1,716.9756706454502,0.6134009181559861,523.7324358318281,32
2017-10-31,CZR,0.05,0.04999999999999997,1,727.7464802507271,0.6134009181559861,523.7324358318281,32
2017-10-31,FMC,0.05,0.04999999999999997,1,286.0270356015225,0.6134009181559861,523.7324358318281,32
2017-10-31,IAC,0.05,0.04999999999999999,1,925.996954487961,0.6134009181559861,523.7324358318281,32
2017-10-31,IPGP,0.05,0.04999999999999999,1,87.84502736354374,0.6134009181559861,523.7324358318281,32
2017-10-31,LRCX,0.05,0.04999999999999997,1,1007.6318992791072,0.6134009181559861,523.7324358318281,32
2017-10-31,LYV,0.05,0.04999999999999997,1,427.2061585007328,0.6134009181559861,523.7324358318281,32
2017-10-31,MTW,0.05,0.04999999999999997,1,491.1524211749802,0.6134009181559861,523.7324358318281,32
2017-10-31,MU,0.05,0.049999999999999996,1,432.6100027515057,0.6134009181559861,523.7324358318281,32
2017-10-31,NL,0.05,0.04999999999999997,1,2141.376741090933,0.6134009181559861,523.7324358318281,32
2017-10-31,NRG,0.05,0.04999999999999997,1,906.2018852156937,0.6134009181559861,523.7324358318281,32
2017-10-31,NVDA,0.05,0.04999999999999999,1,3660.5122448431316,0.6134009181559861,523.7324358318281,32
2017-10-31,NVR,0.05,0.04999999999999997,1,5.699779186659022,0.6134009181559861,523.7324358318281,32
2017-10-31,TEX,0.05,0.04999999999999997,1,436.9752417176381,0.6134009181559861,523.7324358318281,32
2017-10-31,TPL,0.05,0.04999999999999997,1,464.6772816244123,0.6134009181559861,523.7324358318281,32
2017-10-31,TTWO,0.05,0.049999999999999975,1,169.02923488253094,0.6134009181559861,523.7324358318281,32
2017-10-31,VRTX,0.05,0.04999999999999999,1,127.90183713414345,0.6134009181559861,523.7324358318281,32
2018-01-31,ALGN,0.05,0.04999999999999999,1,78.31036316670469,0.5613237944705098,524.4572486515342,31
2018-01-31,BA,0.05,0.04999999999999999,1,60.753870458874516,0.5613237944705098,524.4572486515342,31
2018-01-31,BLDR,0.05,0.04999999999999999,1,957.8578467132528,0.5613237944705098,524.4572486515342,31
2018-01-31,CAT,0.05,0.04999999999999999,1,149.77800633646342,0.5613237944705098,524.4572486515342,31
2018-01-31,CPRI,0.05,0.04999999999999999,1,310.8684113587368,0.5613237944705098,524.4572486515342,31
2018-01-31,CZR,0.05,0.04999999999999999,1,593.8441563746386,0.5613237944705098,524.4572486515342,31
2018-01-31,DHI,0.05,0.04999999999999999,1,456.83417869358124,0.5613237944705098,524.4572486515342,31
2018-01-31,DINO,0.05,0.04999999999999999,1,552.2025059980914,0.5613237944705098,524.4572486515342,31
2018-01-31,ENPH,0.05,0.04999999999999999,1,9326.052138625368,0.5613237944705098,524.4572486515342,31
2018-01-31,FSLR,0.05,0.04999999999999999,1,305.4535612472652,0.5613237944705098,524.4572486515342,31
2018-01-31,IBKR,0.05,0.04999999999999999,1,1348.3335481153144,0.5613237944705098,524.4572486515342,31
2018-01-31,IPGP,0.05,0.04999999999999999,1,81.43407580152295,0.5613237944705098,524.4572486515342,31
2018-01-31,MTW,0.05,0.049999999999999996,1,511.9090372341115,0.5613237944705098,524.4572486515342,31
2018-01-31,NC,0.05,0.04999999999999999,1,589.8528323891575,0.5613237944705098,524.4572486515342,31
2018-01-31,NKTR,0.05,0.04999999999999998,1,16.35953813361547,0.5613237944705098,524.4572486515342,31
2018-01-31,NL,0.05,0.04999999999999998,1,2349.093811085911,0.5613237944705098,524.4572486515342,31
2018-01-31,NRG,0.05,0.04999999999999998,1,954.4039667846691,0.5613237944705098,524.4572486515342,31
2018-01-31,NVR,0.05,0.04999999999999999,1,6.455701128016525,0.5613237944705098,524.4572486515342,31
2018-01-31,PENN,0.05,0.04999999999999999,1,642.974467182286,0.5613237944705098,524.4572486515342,31
2018-01-31,TTWO,0.05,0.04999999999999999,1,161.9745436666999,0.5613237944705098,524.4572486515342,31
2018-04-30,ALGN,0.05,0.05000000000000001,1,82.45115813685928,0.7086813501088661,676.7915642208235,34
2018-04-30,AMZN,0.05,0.05000000000000001,1,263.07422112685805,0.7086813501088661,676.7915642208235,34
2018-04-30,ANF,0.05,0.05000000000000001,1,877.7592930628177,0.7086813501088661,676.7915642208235,34
2018-04-30,AXON,0.05,0.05000000000000001,1,490.7199282603616,0.7086813501088661,676.7915642208235,34
2018-04-30,EL,0.05,0.05000000000000001,1,153.2694070015568,0.7086813501088661,676.7915642208235,34
2018-04-30,ENPH,0.05,0.05000000000000002,1,4963.957082008768,0.7086813501088661,676.7915642208235,34
2018-04-30,FSLR,0.05,0.05000000000000002,1,290.5150373690366,0.7086813501088661,676.7915642208235,34
2018-04-30,IAC,0.05,0.05000000000000001,1,811.7835947284078,0.7086813501088661,676.7915642208235,34
2018-04-30,IBKR,0.05,0.05000000000000001,1,1165.8484636944313,0.7086813501088661,676.7915642208235,34
2018-04-30,KSS,0.05,0.05000000000000001,1,501.2655954167432,0.7086813501088661,676.7915642208235,34
2018-04-30,NC,0.05,0.05000000000000001,1,673.1911481302008,0.7086813501088661,676.7915642208235,34
2018-04-30,NFLX,0.05,0.05000000000000001,1,659.2978996541816,0.7086813501088661,676.7915642208235,34
2018-04-30,NKTR,0.05,0.05,1,16.41598690170953,0.7086813501088661,676.7915642208235,34
2018-04-30,NOW,0.05,0.05000000000000001,1,619.971769784984,0.7086813501088661,676.7915642208235,34
2018-04-30,NVDA,0.05,0.05000000000000001,1,3702.673198088777,0.7086813501088661,676.7915642208235,34
2018-04-30,PODD,0.05,0.05000000000000001,1,239.5397949271654,0.7086813501088661,676.7915642208235,34
2018-04-30,SKY,0.05,0.05000000000000001,1,827.9517372018673,0.7086813501088661,676.7915642208235,34
2018-04-30,STX,0.05,0.05000000000000001,1,483.7690049981764,0.7086813501088661,676.7915642208235,34
2018-04-30,TKO,0.05,0.05000000000000001,1,567.5537272513825,0.7086813501088661,676.7915642208235,34
2018-04-30,URBN,0.05,0.05000000000000001,1,511.55753984513944,0.7086813501088661,676.7915642208235,34
2018-07-31,ALGN,0.05,0.05,1,63.14296691383812,0.5081570567975827,524.2319790451184,30
2018-07-31,AMZN,0.05,0.05,1,253.39745191781606,0.5081570567975827,524.2319790451184,30
2018-07-31,ANF,0.05,0.05,1,1029.5240284012743,0.5081570567975827,524.2319790451184,30
2018-07-31,AXON,0.05,0.049999999999999996,1,331.516835908367,0.5081570567975827,524.2319790451184,30
2018-07-31,DDS,0.05,0.05,1,371.75151377498787,0.5081570567975827,524.2319790451184,30
2018-07-31,DINO,0.05,0.05,1,385.21039727834216,0.5081570567975827,524.2319790451184,30
2018-07-31,ENPH,0.05,0.05,1,3784.8637792154213,0.5081570567975827,524.2319790451184,30
2018-07-31,FOSL,0.05,0.05,1,859.5396224675417,0.5081570567975827,524.2319790451184,30
2018-07-31,KSS,0.05,0.05,1,457.2158867642373,0.5081570567975827,524.2319790451184,30
2018-07-31,LULU,0.05,0.05,1,187.74438797312786,0.5081570567975827,524.2319790451184,30
2018-07-31,M,0.05,0.05,1,777.2225866828923,0.5081570567975827,524.2319790451184,30
2018-07-31,NFLX,0.05,0.05,1,667.3562581560994,0.5081570567975827,524.2319790451184,30
2018-07-31,NTAP,0.05,0.05,1,355.2981567701975,0.5081570567975827,524.2319790451184,30
2018-07-31,PTC,0.05,0.05,1,245.02162840964291,0.5081570567975827,524.2319790451184,30
2018-07-31,SKY,0.05,0.05,1,876.944645514175,0.5081570567975827,524.2319790451184,30
2018-07-31,THC,0.05,0.05,1,598.4570322935214,0.5081570567975827,524.2319790451184,30
2018-07-31,TKO,0.05,0.05000000000000001,1,311.4548951826789,0.5081570567975827,524.2319790451184,30
2018-07-31,TPL,0.05,0.05000000000000001,1,305.4970964008925,0.5081570567975827,524.2319790451184,30
2018-07-31,TRIP,0.05,0.04999999999999999,1,436.6945001306179,0.5081570567975827,524.2319790451184,30
2018-07-31,URBN,0.05,0.05,1,507.2058105966584,0.5081570567975827,524.2319790451184,30
2018-10-31,ALGN,0.05,0.049999999999999996,1,91.58294872058998,0.4801925787895298,439.88151043000755,29
2018-10-31,AMD,0.05,0.05,1,1112.4738602968569,0.4801925787895298,439.88151043000755,29
2018-10-31,AMZN,0.05,0.05000000000000001,1,253.5421767458484,0.4801925787895298,439.88151043000755,29
2018-10-31,AXON,0.05,0.05000000000000001,1,328.2266295664008,0.4801925787895298,439.88151043000755,29
2018-10-31,CLF,0.05,0.049999999999999996,1,1988.24490700079,0.4801925787895298,439.88151043000755,29
2018-10-31,CZR,0.05,0.049999999999999996,1,555.0177528083705,0.4801925787895298,439.88151043000755,29
2018-10-31,DINO,0.05,0.049999999999999996,1,381.4340878873009,0.4801925787895298,439.88151043000755,29
2018-10-31,DXCM,0.05,0.049999999999999996,1,610.3230345894461,0.4801925787895298,439.88151043000755,29
2018-10-31,ENPH,0.05,0.049999999999999996,1,4462.147169101967,0.4801925787895298,439.88151043000755,29
2018-10-31,FOSL,0.05,0.05,1,933.1252340767938,0.4801925787895298,439.88151043000755,29
2018-10-31,FTNT,0.05,0.049999999999999996,1,1232.5472719589843,0.4801925787895298,439.88151043000755,29
2018-10-31,HCA,0.05,0.049999999999999996,1,161.32085702640944,0.4801925787895298,439.88151043000755,29
2018-10-31,ILMN,0.05,0.049999999999999996,1,66.99428737414846,0.4801925787895298,439.88151043000755,29
2018-10-31,LULU,0.05,0.05,1,143.95046253484156,0.4801925787895298,439.88151043000755,29
2018-10-31,MOH,0.05,0.049999999999999996,1,159.80238632130252,0.4801925787895298,439.88151043000755,29
2018-10-31,NTAP,0.05,0.05,1,314.19175226556683,0.4801925787895298,439.88151043000755,29
2018-10-31,SKY,0.05,0.05,1,850.1111222141778,0.4801925787895298,439.88151043000755,29
2018-10-31,TKO,0.05,0.05000000000000001,1,304.913415508731,0.4801925787895298,439.88151043000755,29
2018-10-31,TPL,0.05,0.05,1,267.5692037089001,0.4801925787895298,439.88151043000755,29
2018-10-31,UIS,0.05,0.04999999999999999,1,1100.3882751445651,0.4801925787895298,439.88151043000755,29
2019-01-31,AAP,0.05,0.04999999999999997,1,144.70881581102384,0.7041560185918877,654.5378588781148,34
2019-01-31,AMD,0.05,0.04999999999999998,1,830.8449128590855,0.7041560185918877,654.5378588781148,34
2019-01-31,BALL,0.05,0.049999999999999975,1,419.6037827292679,0.7041560185918877,654.5378588781148,34
2019-01-31,CHD,0.05,0.049999999999999975,1,341.3284198128446,0.7041560185918877,654.5378588781148,34
2019-01-31,CIEN,0.05,0.049999999999999975,1,532.4474695423567,0.7041560185918877,654.5378588781148,34
2019-01-31,DECK,0.05,0.049999999999999975,1,947.3360027786418,0.7041560185918877,654.5378588781148,34
2019-01-31,DXCM,0.05,0.049999999999999975,1,575.2229843765873,0.7041560185918877,654.5378588781148,34
2019-01-31,FTNT,0.05,0.049999999999999975,1,1324.3387765670009,0.7041560185918877,654.5378588781148,34
2019-01-31,HCA,0.05,0.04999999999999997,1,154.29360709338232,0.7041560185918877,654.5378588781148,34
2019-01-31,IAC,0.05,0.049999999999999975,1,613.3151040146332,0.7041560185918877,654.5378588781148,34
2019-01-31,KDP,0.05,0.049999999999999975,1,881.2173448272524,0.7041560185918877,654.5378588781148,34
2019-01-31,LLY,0.05,0.049999999999999975,1,185.98375147575817,0.7041560185918877,654.5378588781148,34
2019-01-31,MKC,0.05,0.049999999999999975,1,374.3956433860174,0.7041560185918877,654.5378588781148,34
2019-01-31,MOH,0.05,0.049999999999999975,1,152.51109074831615,0.7041560185918877,654.5378588781148,34
2019-01-31,MRK,0.05,0.049999999999999975,1,354.97269412386663,0.7041560185918877,654.5378588781148,34
2019-01-31,NRG,0.05,0.049999999999999975,1,597.706408227071,0.7041560185918877,654.5378588781148,34
2019-01-31,ORLY,0.05,0.049999999999999975,1,882.6447840863884,0.7041560185918877,654.5378588781148,34
2019-01-31,TKO,0.05,0.04999999999999997,1,268.6736946433445,0.7041560185918877,654.5378588781148,34
2019-01-31,WDAY,0.05,0.049999999999999975,1,111.72216345779208,0.7041560185918877,654.5378588781148,34
2019-01-31,ZBRA,0.05,0.049999999999999975,1,116.82559610061378,0.7041560185918877,654.5378588781148,34
2019-04-30,AES,0.05,0.04999999999999998,1,1639.5913618986183,0.7572040982307335,763.6575703922105,35
2019-04-30,AMT,0.05,0.04999999999999998,1,134.4245405237259,0.7572040982307335,763.6575703922105,35
2019-04-30,AZO,0.05,0.04999999999999998,1,21.354675793326344,0.7572040982307335,763.6575703922105,35
2019-04-30,BALL,0.05,0.04999999999999998,1,395.55271464500237,0.7572040982307335,763.6575703922105,35
2019-04-30,CDNS,0.05,0.04999999999999998,1,316.50661264913987,0.7572040982307335,763.6575703922105,35
2019-04-30,CMG,0.05,0.04999999999999998,1,1595.7814124944769,0.7572040982307335,763.6575703922105,35
2019-04-30,DECK,0.05,0.04999999999999999,1,832.7861590914106,0.7572040982307335,763.6575703922105,35
2019-04-30,ENPH,0.05,0.049999999999999975,1,2187.1741035577706,0.7572040982307335,763.6575703922105,35
2019-04-30,ERIE,0.05,0.04999999999999998,1,132.52527837627576,0.7572040982307335,763.6575703922105,35
2019-04-30,FMCC,0.05,0.04999999999999998,1,9149.677934876943,0.7572040982307335,763.6575703922105,35
2019-04-30,FNMA,0.05,0.04999999999999998,1,8854.527317499695,0.7572040982307335,763.6575703922105,35
2019-04-30,GRMN,0.05,0.04999999999999998,1,298.6909669021782,0.7572040982307335,763.6575703922105,35
2019-04-30,LLY,0.05,0.04999999999999998,1,205.11469227403717,0.7572040982307335,763.6575703922105,35
2019-04-30,NOW,0.05,0.04999999999999998,1,404.3907614168952,0.7572040982307335,763.6575703922105,35
2019-04-30,NYT,0.05,0.04999999999999998,1,703.9346548356394,0.7572040982307335,763.6575703922105,35
2019-04-30,O,0.05,0.04999999999999998,1,449.0873888881718,0.7572040982307335,763.6575703922105,35
2019-04-30,SSP,0.05,0.04999999999999998,1,993.6411821457535,0.7572040982307335,763.6575703922105,35
2019-04-30,TKO,0.05,0.04999999999999998,1,285.2769256414461,0.7572040982307335,763.6575703922105,35
2019-04-30,ULTA,0.05,0.04999999999999998,1,62.924027809564826,0.7572040982307335,763.6575703922105,35
2019-04-30,WDAY,0.05,0.04999999999999998,1,106.78999851602592,0.7572040982307335,763.6575703922105,35
2019-07-31,AMD,0.05,0.049999999999999996,1,792.5412712168855,0.6127086560068039,662.8741380722136,32
2019-07-31,BALL,0.05,0.05000000000000001,1,363.63035084956493,0.6127086560068039,662.8741380722136,32
2019-07-31,BX,0.05,0.049999999999999996,1,623.7360509909394,0.6127086560068039,662.8741380722136,32
2019-07-31,CDNS,0.05,0.049999999999999996,1,326.5171305300193,0.6127086560068039,662.8741380722136,32
2019-07-31,CMG,0.05,0.049999999999999996,1,1516.7800905531972,0.6127086560068039,662.8741380722136,32
2019-07-31,COTY,0.05,0.04999999999999998,1,2288.2116665464237,0.6127086560068039,662.8741380722136,32
2019-07-31,CSGP,0.05,0.049999999999999996,1,392.14950370913124,0.6127086560068039,662.8741380722136,32
2019-07-31,ENPH,0.05,0.05,1,857.2960085345524,0.6127086560068039,662.8741380722136,32
2019-07-31,ERIE,0.05,0.05,1,123.35402855683343,0.6127086560068039,662.8741380722136,32
2019-07-31,FICO,0.05,0.04999999999999998,1,69.46313217570284,0.6127086560068039,662.8741380722136,32
2019-07-31,FMCC,0.05,0.049999999999999996,1,10725.725472540076,0.6127086560068039,662.8741380722136,32
2019-07-31,FNMA,0.05,0.05,1,10584.597638615325,0.6127086560068039,662.8741380722136,32
2019-07-31,GPN,0.05,0.049999999999999996,1,150.93857490164336,0.6127086560068039,662.8741380722136,32
2019-07-31,HWM,0.05,0.049999999999999996,1,1277.2732418821568,0.6127086560068039,662.8741380722136,32
2019-07-31,MKTX,0.05,0.049999999999999996,1,76.23520797682389,0.6127086560068039,662.8741380722136,32
2019-07-31,MSCI,0.05,0.049999999999999996,1,113.37340290111264,0.6127086560068039,662.8741380722136,32
2019-07-31,NC,0.05,0.04999999999999998,1,534.8048754378991,0.6127086560068039,662.8741380722136,32
2019-07-31,NOW,0.05,0.05,1,434.9991055021409,0.6127086560068039,662.8741380722136,32
2019-07-31,SNPS,0.05,0.049999999999999996,1,181.7782714051901,0.6127086560068039,662.8741380722136,32
2019-07-31,XRX,0.05,0.049999999999999975,1,1091.4135608753397,0.6127086560068039,662.8741380722136,32
2019-10-31,BALL,0.05,0.049999999999999996,1,375.28307760265983,0.6197883851141119,703.9227884444938,32
2019-10-31,BLDR,0.05,0.05,1,1080.3028487884644,0.6197883851141119,703.9227884444938,32
2019-10-31,BX,0.05,0.05000000000000002,1,569.7876445682713,0.6197883851141119,703.9227884444938,32
2019-10-31,CINF,0.05,0.05,1,253.59763923018832,0.6197883851141119,703.9227884444938,32
2019-10-31,CMG,0.05,0.05,1,1569.4490575205964,0.6197883851141119,703.9227884444938,32
2019-10-31,CPRT,0.05,0.05,1,1182.2675823267873,0.6197883851141119,703.9227884444938,32
2019-10-31,ENPH,0.05,0.05,1,1257.1100199090158,0.6197883851141119,703.9227884444938,32
2019-10-31,FMCC,0.05,0.049999999999999996,1,8481.127465237394,0.6197883851141119,703.9227884444938,32
2019-10-31,FNMA,0.05,0.05,1,7930.405414127801,0.6197883851141119,703.9227884444938,32
2019-10-31,GNRC,0.05,0.05,1,252.9058563614336,0.6197883851141119,703.9227884444938,32
2019-10-31,HSY,0.05,0.05,1,192.3971241074074,0.6197883851141119,703.9227884444938,32
2019-10-31,KBH,0.05,0.05,1,751.2584165898834,0.6197883851141119,703.9227884444938,32
2019-10-31,KLAC,0.05,0.05,1,156.00259035856794,0.6197883851141119,703.9227884444938,32
2019-10-31,LRCX,0.05,0.05,1,971.6050468521288,0.6197883851141119,703.9227884444938,32
2019-10-31,MKTX,0.05,0.049999999999999996,1,70.45004375717573,0.6197883851141119,703.9227884444938,32
2019-10-31,MLM,0.05,0.05,1,97.38738502842783,0.6197883851141119,703.9227884444938,32
2019-10-31,NC,0.05,0.05,1,567.5281043807577,0.6197883851141119,703.9227884444938,32
2019-10-31,NVR,0.05,0.05,1,6.716634946513758,0.6197883851141119,703.9227884444938,32
2019-10-31,PODD,0.05,0.05,1,168.081797683759,0.6197883851141119,703.9227884444938,32
2019-10-31,TER,0.05,0.04999999999999992,1,409.81192012545847,0.6197883851141119,703.9227884444938,32
2020-01-31,AAPL,0.05,0.049999999999999996,1,359.887666789356,0.5610290015758972,707.5473908365233,31
2020-01-31,AMAT,0.05,0.049999999999999996,1,490.482744886077,0.5610290015758972,707.5473908365233,31
2020-01-31,AMD,0.05,0.05,1,571.8261483395484,0.5610290015758972,707.5473908365233,31
2020-01-31,APO,0.05,0.049999999999999996,1,669.1957772705034,0.5610290015758972,707.5473908365233,31
2020-01-31,BLDR,0.05,0.05000000000000001,1,1083.9213103150694,0.5610290015758972,707.5473908365233,31
2020-01-31,DXCM,0.05,0.049999999999999996,1,446.53506080097645,0.5610290015758972,707.5473908365233,31
2020-01-31,ENPH,0.05,0.05000000000000001,1,852.6595362196135,0.5610290015758972,707.5473908365233,31
2020-01-31,FMCC,0.05,0.05000000000000001,1,8782.95080866773,0.5610290015758972,707.5473908365233,31
2020-01-31,FNMA,0.05,0.05000000000000001,1,8425.02460497649,0.5610290015758972,707.5473908365233,31
2020-01-31,GNRC,0.05,0.05000000000000002,1,259.44425062334204,0.5610290015758972,707.5473908365233,31
2020-01-31,KLAC,0.05,0.05000000000000001,1,174.22655791951158,0.5610290015758972,707.5473908365233,31
2020-01-31,LRCX,0.05,0.05,1,967.4962649531832,0.5610290015758972,707.5473908365233,31
2020-01-31,NVDA,0.05,0.049999999999999996,1,4567.251254957615,0.5610290015758972,707.5473908365233,31
2020-01-31,PODD,0.05,0.05000000000000001,1,138.50664760809119,0.5610290015758972,707.5473908365233,31
2020-01-31,SPXC,0.05,0.05,1,547.7038748543862,0.5610290015758972,707.5473908365233,31
2020-01-31,SWKS,0.05,0.05,1,274.32255540758916,0.5610290015758972,707.5473908365233,31
2020-01-31,TER,0.05,0.05000000000000001,1,417.7346589933558,0.5610290015758972,707.5473908365233,31
2020-01-31,TGT,0.05,0.049999999999999996,1,284.47299630671836,0.5610290015758972,707.5473908365233,31
2020-01-31,THC,0.05,0.049999999999999996,1,849.4257108219684,0.5610290015758972,707.5473908365233,31
2020-01-31,TSLA,0.05,0.05,1,619.6686255313028,0.5610290015758972,707.5473908365233,31
2020-04-30,AMD,0.05,0.05,1,497.2043221163576,0.65,795.4079549611635,33
2020-04-30,AXON,0.05,0.05000000000000001,1,358.252433780724,0.65,795.4079549611635,33
2020-04-30,BIIB,0.05,0.05000000000000002,1,87.75573665251918,0.65,795.4079549611635,33
2020-04-30,CNC,0.05,0.05000000000000001,1,391.23660882894137,0.65,795.4079549611635,33
2020-04-30,DPZ,0.05,0.05000000000000001,1,77.1421424549519,0.65,795.4079549611635,33
2020-04-30,DVA,0.05,0.05000000000000001,1,329.6865387662336,0.65,795.4079549611635,33
2020-04-30,DXCM,0.05,0.05,1,310.8416847684129,0.65,795.4079549611635,33
2020-04-30,ENPH,0.05,0.05000000000000002,1,556.2360263443938,0.65,795.4079549611635,33
2020-04-30,FTNT,0.05,0.05,1,1208.8608560608864,0.65,795.4079549611635,33
2020-04-30,GEN,0.05,0.05000000000000001,1,1383.7635392405105,0.65,795.4079549611635,33
2020-04-30,GNRC,0.05,0.05000000000000001,1,267.3289560708945,0.65,795.4079549611635,33
2020-04-30,MSCI,0.05,0.05,1,84.37122445502426,0.65,795.4079549611635,33
2020-04-30,NEM,0.05,0.05000000000000001,1,520.4636483175495,0.65,795.4079549611635,33
2020-04-30,NVDA,0.05,0.05,1,3578.6573374737254,0.65,795.4079549611635,33
2020-04-30,PODD,0.05,0.05000000000000001,1,130.4252652363109,0.65,795.4079549611635,33
2020-04-30,REGN,0.05,0.05000000000000001,1,49.807945667719515,0.65,795.4079549611635,33
2020-04-30,TSLA,0.05,0.05000000000000001,1,499.72936335357474,0.65,795.4079549611635,33
2020-04-30,TYL,0.05,0.05000000000000001,1,81.22652385138171,0.65,795.4079549611635,33
2020-04-30,UIS,0.05,0.05000000000000001,1,2068.986006076595,0.65,795.4079549611635,33
2020-04-30,VRTX,0.05,0.049999999999999996,1,103.69639509818002,0.65,795.4079549611635,33
2020-07-31,AAPL,0.05,0.05000000000000002,1,305.3489651625819,0.5664161156110015,817.1695863857949,31
2020-07-31,AMZN,0.05,0.05000000000000002,1,198.90708429400942,0.5664161156110015,817.1695863857949,31
2020-07-31,B,0.05,0.05000000000000001,1,1264.0516076318893,0.5664161156110015,817.1695863857949,31
2020-07-31,CLX,0.05,0.05000000000000001,1,158.37837668229508,0.5664161156110015,817.1695863857949,31
2020-07-31,DXCM,0.05,0.05000000000000002,1,289.055991842895,0.5664161156110015,817.1695863857949,31
2020-07-31,ENPH,0.05,0.05000000000000002,1,521.4357516740343,0.5664161156110015,817.1695863857949,31
2020-07-31,FTNT,0.05,0.050000000000000024,1,1137.8835969844679,0.5664161156110015,817.1695863857949,31
2020-07-31,GEN,0.05,0.05000000000000002,1,1648.5069523696454,0.5664161156110015,817.1695863857949,31
2020-07-31,LULU,0.05,0.05000000000000002,1,96.66716620077268,0.5664161156110015,817.1695863857949,31
2020-07-31,MPWR,0.05,0.05000000000000002,1,123.54618644947679,0.5664161156110015,817.1695863857949,31
2020-07-31,NEM,0.05,0.05000000000000002,1,538.2216345960314,0.5664161156110015,817.1695863857949,31
2020-07-31,NOW,0.05,0.05000000000000002,1,358.3089807353135,0.5664161156110015,817.1695863857949,31
2020-07-31,NVDA,0.05,0.05000000000000002,1,2975.213176529378,0.5664161156110015,817.1695863857949,31
2020-07-31,ODFL,0.05,0.05000000000000002,1,353.1520144118275,0.5664161156110015,817.1695863857949,31
2020-07-31,REGN,0.05,0.05000000000000002,1,50.07106805128777,0.5664161156110015,817.1695863857949,31
2020-07-31,SNPS,0.05,0.05000000000000002,1,157.98545375188488,0.5664161156110015,817.1695863857949,31
2020-07-31,TER,0.05,0.05000000000000001,1,361.7762413998565,0.5664161156110015,817.1695863857949,31
2020-07-31,TSLA,0.05,0.05000000000000002,1,329.9703473626664,0.5664161156110015,817.1695863857949,31
2020-07-31,VRTX,0.05,0.05000000000000002,1,115.71272900479354,0.5664161156110015,817.1695863857949,31
2020-07-31,WST,0.05,0.049999999999999926,1,118.69431764579564,0.5664161156110015,817.1695863857949,31
2020-10-30,AAPL,0.05,0.049999999999999996,1,303.81873937313674,0.7631717590536642,1154.8132231112413,35
2020-10-30,AMD,0.05,0.049999999999999996,1,426.8857573771493,0.7631717590536642,1154.8132231112413,35
2020-10-30,BBWI,0.05,0.049999999999999996,1,1375.4642123832868,0.7631717590536642,1154.8132231112413,35
2020-10-30,BLDR,0.05,0.049999999999999996,1,1060.7336591757992,0.7631717590536642,1154.8132231112413,35
2020-10-30,CZR,0.05,0.049999999999999996,1,717.0957001916867,0.7631717590536642,1154.8132231112413,35
2020-10-30,DHI,0.05,0.049999999999999996,1,507.0576150368952,0.7631717590536642,1154.8132231112413,35
2020-10-30,DXCM,0.05,0.049999999999999996,1,402.2808738241609,0.7631717590536642,1154.8132231112413,35
2020-10-30,ENPH,0.05,0.04999999999999999,1,327.660620488125,0.7631717590536642,1154.8132231112413,35
2020-10-30,FCX,0.05,0.049999999999999996,1,1985.3748966708738,0.7631717590536642,1154.8132231112413,35
2020-10-30,FDX,0.05,0.049999999999999996,1,136.67000015001383,0.7631717590536642,1154.8132231112413,35
2020-10-30,GME,0.05,0.049999999999999996,1,12278.979271839868,0.7631717590536642,1154.8132231112413,35
2020-10-30,GNRC,0.05,0.049999999999999996,1,152.93947179262247,0.7631717590536642,1154.8132231112413,35
2020-10-30,IAC,0.05,0.049999999999999996,1,485.72387090928737,0.7631717590536642,1154.8132231112413,35
2020-10-30,LEN,0.05,0.049999999999999996,1,511.85611740888936,0.7631717590536642,1154.8132231112413,35
2020-10-30,NVDA,0.05,0.049999999999999996,1,2572.2144616210267,0.7631717590536642,1154.8132231112413,35
2020-10-30,PBI,0.05,0.049999999999999996,1,7424.652233748225,0.7631717590536642,1154.8132231112413,35
2020-10-30,PENN,0.05,0.04999999999999999,1,595.4099543591738,0.7631717590536642,1154.8132231112413,35
2020-10-30,RRC,0.05,0.049999999999999996,1,5064.809495329109,0.7631717590536642,1154.8132231112413,35
2020-10-30,SIG,0.05,0.04999999999999999,1,1533.1700645637434,0.7631717590536642,1154.8132231112413,35
2020-10-30,TSLA,0.05,0.049999999999999996,1,248.48157723631851,0.7631717590536642,1154.8132231112413,35
2021-01-29,ALB,0.05,0.049999999999999996,1,610.5738344138784,0.5430502769544507,1852.245422422194,27
2021-01-29,ALGN,0.05,0.049999999999999996,1,178.16852144753167,0.5430502769544507,1852.245422422194,27
2021-01-29,AMD,0.05,0.049999999999999996,1,1093.0193757028696,0.5430502769544507,1852.245422422194,27
2021-01-29,BBWI,0.05,0.049999999999999996,1,3145.9828436864927,0.5430502769544507,1852.245422422194,27
2021-01-29,BLDR,0.05,0.049999999999999996,1,2447.2203573351026,0.5430502769544507,1852.245422422194,27
2021-01-29,BSET,0.05,0.049999999999999996,1,6382.61781321574,0.5430502769544507,1852.245422422194,27
2021-01-29,CLF,0.05,0.049999999999999996,1,6102.097636047032,0.5430502769544507,1852.245422422194,27
2021-01-29,CPRI,0.05,0.04999999999999999,1,2246.9078015102878,0.5430502769544507,1852.245422422194,27
2021-01-29,ENPH,0.05,0.049999999999999996,1,513.3324679733201,0.5430502769544507,1852.245422422194,27
2021-01-29,FCX,0.05,0.049999999999999996,1,3725.9197219308335,0.5430502769544507,1852.245422422194,27
2021-01-29,FDX,0.05,0.049999999999999996,1,437.87350489485044,0.5430502769544507,1852.245422422194,27
2021-01-29,FSLR,0.05,0.049999999999999996,1,944.0865075895712,0.5430502769544507,1852.245422422194,27
2021-01-29,GME,0.05,0.049999999999999975,1,1152.076045145448,0.5430502769544507,1852.245422422194,27
2021-01-29,GNRC,0.05,0.049999999999999996,1,379.86437530890396,0.5430502769544507,1852.245422422194,27
2021-01-29,IAC,0.05,0.049999999999999996,1,813.4078164949972,0.5430502769544507,1852.245422422194,27
2021-01-29,PBI,0.05,0.05,1,12188.711931373356,0.5430502769544507,1852.245422422194,27
2021-01-29,PENN,0.05,0.049999999999999996,1,902.4891782336706,0.5430502769544507,1852.245422422194,27
2021-01-29,PWR,0.05,0.049999999999999996,1,1340.180384229272,0.5430502769544507,1852.245422422194,27
2021-01-29,SIG,0.05,0.049999999999999996,1,2449.1827307628437,0.5430502769544507,1852.245422422194,27
2021-01-29,TSLA,0.05,0.049999999999999996,1,353.8855710926958,0.5430502769544507,1852.245422422194,27
2021-04-30,ANF,0.05,0.05000000000000001,1,2879.965694408474,0.6570478240888916,3306.920379017665,32
2021-04-30,BBWI,0.05,0.050000000000000024,1,2244.4158651104776,0.6570478240888916,3306.920379017665,32
2021-04-30,BFH,0.05,0.05,1,1250.0371593749041,0.6570478240888916,3306.920379017665,32
2021-04-30,CAL,0.05,0.05000000000000001,1,4920.172950746673,0.6570478240888916,3306.920379017665,32
2021-04-30,CAR,0.05,0.05000000000000001,1,1268.1588187016928,0.6570478240888916,3306.920379017665,32
2021-04-30,CLF,0.05,0.05000000000000002,1,6045.347985862985,0.6570478240888916,3306.920379017665,32
2021-04-30,CPRI,0.05,0.050000000000000024,1,1960.2381105300897,0.6570478240888916,3306.920379017665,32
2021-04-30,ENPH,0.05,0.05000000000000002,1,775.3674593702011,0.6570478240888916,3306.920379017665,32
2021-04-30,FCX,0.05,0.050000000000000024,1,3060.005350772603,0.6570478240888916,3306.920379017665,32
2021-04-30,FLR,0.05,0.05000000000000001,1,4698.429976852526,0.6570478240888916,3306.920379017665,32
2021-04-30,GME,0.05,0.05000000000000002,1,2487.9295119550206,0.6570478240888916,3306.920379017665,32
2021-04-30,KSS,0.05,0.05,1,2477.96593336501,0.6570478240888916,3306.920379017665,32
2021-04-30,M,0.05,0.05000000000000001,1,7746.22080184156,0.6570478240888916,3306.920379017665,32
2021-04-30,NBR,0.05,0.05000000000000001,1,1335.4350124305827,0.6570478240888916,3306.920379017665,32
2021-04-30,PENN,0.05,0.050000000000000024,1,1211.5116179284614,0.6570478240888916,3306.920379017665,32
2021-04-30,RIG,0.05,0.05000000000000001,1,33531.03035961802,0.6570478240888916,3306.920379017665,32
2021-04-30,SIG,0.05,0.05000000000000002,1,1920.5315323814311,0.6570478240888916,3306.920379017665,32
2021-04-30,TPL,0.05,0.05000000000000002,1,669.4282889251931,0.6570478240888916,3306.920379017665,32
2021-04-30,TRGP,0.05,0.05000000000000001,1,3433.4007295247397,0.6570478240888916,3306.920379017665,32
2021-04-30,WFRD,0.05,0.049999999999999836,1,10417.641360344871,0.6570478240888916,3306.920379017665,32
2021-07-30,ANF,0.05,0.049999999999999996,1,3014.5352818878036,0.46783494930276553,2472.4113029078685,29
2021-07-30,BBWI,0.05,0.05,1,1945.7478701111702,0.46783494930276553,2472.4113029078685,29
2021-07-30,CAL,0.05,0.049999999999999996,1,4881.304271250958,0.46783494930276553,2472.4113029078685,29
2021-07-30,CAR,0.05,0.05,1,1449.3774440093714,0.46783494930276553,2472.4113029078685,29
2021-07-30,CLF,0.05,0.05000000000000001,1,4559.183325920484,0.46783494930276553,2472.4113029078685,29
2021-07-30,DDS,0.05,0.05,1,799.6471980038939,0.46783494930276553,2472.4113029078685,29
2021-07-30,DVN,0.05,0.05,1,5580.875943822368,0.46783494930276553,2472.4113029078685,29
2021-07-30,FANG,0.05,0.05,1,1805.9530771583466,0.46783494930276553,2472.4113029078685,29
2021-07-30,GCO,0.05,0.05,1,1983.9787925910598,0.46783494930276553,2472.4113029078685,29
2021-07-30,GME,0.05,0.05,1,2829.681891812652,0.46783494930276553,2472.4113029078685,29
2021-07-30,GNRC,0.05,0.05000000000000001,1,271.7941318422631,0.46783494930276553,2472.4113029078685,29
2021-07-30,NBR,0.05,0.049999999999999996,1,1302.4749213304246,0.46783494930276553,2472.4113029078685,29
2021-07-30,RIG,0.05,0.05,1,31573.292648249942,0.46783494930276553,2472.4113029078685,29
2021-07-30,RRC,0.05,0.05,1,7760.097898923371,0.46783494930276553,2472.4113029078685,29
2021-07-30,SIG,0.05,0.05,1,1877.5889196130788,0.46783494930276553,2472.4113029078685,29
2021-07-30,SLM,0.05,0.05,1,6693.774280058431,0.46783494930276553,2472.4113029078685,29
2021-07-30,TDC,0.05,0.05000000000000001,1,2295.1990233232314,0.46783494930276553,2472.4113029078685,29
2021-07-30,THC,0.05,0.049999999999999996,1,1586.5755701311991,0.46783494930276553,2472.4113029078685,29
2021-07-30,TPL,0.05,0.05,1,727.8773846953596,0.46783494930276553,2472.4113029078685,29
2021-07-30,WFRD,0.05,0.049999999999999996,1,6684.256381646415,0.46783494930276553,2472.4113029078685,29
2021-10-29,ALB,0.05,0.049999999999999996,1,588.3810608226806,0.4759875821044831,3075.510113697984,29
2021-10-29,BX,0.05,0.049999999999999996,1,1157.0654979556223,0.4759875821044831,3075.510113697984,29
2021-10-29,CAR,0.05,0.04999999999999998,1,849.0126350141211,0.4759875821044831,3075.510113697984,29
2021-10-29,DDS,0.05,0.04999999999999998,1,776.9066424057329,0.4759875821044831,3075.510113697984,29
2021-10-29,DVN,0.05,0.05,1,4337.159427864252,0.4759875821044831,3075.510113697984,29
2021-10-29,FANG,0.05,0.049999999999999996,1,1584.71043259563,0.4759875821044831,3075.510113697984,29
2021-10-29,FTNT,0.05,0.049999999999999996,1,2078.26968506142,0.4759875821044831,3075.510113697984,29
2021-10-29,GME,0.05,0.049999999999999996,1,3047.2681524960935,0.4759875821044831,3075.510113697984,29
2021-10-29,IT,0.05,0.049999999999999996,1,421.2016478529332,0.4759875821044831,3075.510113697984,29
2021-10-29,M,0.05,0.049999999999999996,1,6237.753203332035,0.4759875821044831,3075.510113697984,29
2021-10-29,MAC,0.05,0.049999999999999996,1,9401.688818947332,0.4759875821044831,3075.510113697984,29
2021-10-29,MUR,0.05,0.049999999999999996,1,5765.322388106766,0.4759875821044831,3075.510113697984,29
2021-10-29,RIG,0.05,0.049999999999999996,1,39603.69450833551,0.4759875821044831,3075.510113697984,29
2021-10-29,RRC,0.05,0.049999999999999996,1,6216.156076919317,0.4759875821044831,3075.510113697984,29
2021-10-29,SBNY,0.05,0.049999999999999996,1,477.16712279224225,0.4759875821044831,3075.510113697984,29
2021-10-29,SIG,0.05,0.049999999999999996,1,1658.0404936779726,0.4759875821044831,3075.510113697984,29
2021-10-29,TDC,0.05,0.049999999999999996,1,2471.7297929092865,0.4759875821044831,3075.510113697984,29
2021-10-29,THC,0.05,0.049999999999999996,1,1950.8935715457426,0.4759875821044831,3075.510113697984,29
2021-10-29,TRGP,0.05,0.049999999999999996,1,2809.1822071918787,0.4759875821044831,3075.510113697984,29
2021-10-29,WFRD,0.05,0.049999999999999996,1,4920.251860257767,0.4759875821044831,3075.510113697984,29
2022-01-31,BLDR,0.05,0.05,1,1989.6529805264613,0.48662446579661356,3000.1727437350696,29
2022-01-31,BX,0.05,0.04999999999999999,1,1174.3391509177034,0.48662446579661356,3000.1727437350696,29
2022-01-31,CAR,0.05,0.05,1,808.1521519138313,0.48662446579661356,3000.1727437350696,29
2022-01-31,DDS,0.05,0.04999999999999999,1,657.1413026400712,0.48662446579661356,3000.1727437350696,29
2022-01-31,DVN,0.05,0.05,1,3264.014672444053,0.48662446579661356,3000.1727437350696,29
2022-01-31,EXR,0.05,0.05,1,804.7415202619522,0.48662446579661356,3000.1727437350696,29
2022-01-31,F,0.05,0.05,1,8693.97532045921,0.48662446579661356,3000.1727437350696,29
2022-01-31,FTNT,0.05,0.05,1,2275.5434386364145,0.48662446579661356,3000.1727437350696,29
2022-01-31,GME,0.05,0.05,1,4967.46540040941,0.48662446579661356,3000.1727437350696,29
2022-01-31,IT,0.05,0.05,1,460.29635289739167,0.48662446579661356,3000.1727437350696,29
2022-01-31,LPX,0.05,0.05,1,2148.528668665458,0.48662446579661356,3000.1727437350696,29
2022-01-31,M,0.05,0.05,1,6203.478327476527,0.48662446579661356,3000.1727437350696,29
2022-01-31,MBI,0.05,0.05,1,22685.355361710437,0.48662446579661356,3000.1727437350696,29
2022-01-31,NVDA,0.05,0.05,1,5535.349085890395,0.48662446579661356,3000.1727437350696,29
2022-01-31,ON,0.05,0.05,1,2292.822066027742,0.48662446579661356,3000.1727437350696,29
2022-01-31,PFE,0.05,0.05,1,3181.828715902943,0.48662446579661356,3000.1727437350696,29
2022-01-31,SBNY,0.05,0.05,1,450.5748407283971,0.48662446579661356,3000.1727437350696,29
2022-01-31,SIG,0.05,0.05,1,1657.4522420677176,0.48662446579661356,3000.1727437350696,29
2022-01-31,SKY,0.05,0.05,1,2008.8581712547539,0.48662446579661356,3000.1727437350696,29
2022-01-31,WFRD,0.05,0.05,1,4611.833472803143,0.48662446579661356,3000.1727437350696,29
2022-04-29,APA,0.05,0.05,1,3701.862270607673,0.7999999999999999,4986.672041418057,36
2022-04-29,CAR,0.05,0.05,1,523.8229233098743,0.7999999999999999,4986.672041418057,36
2022-04-29,CF,0.05,0.05,1,1492.8459492395102,0.7999999999999999,4986.672041418057,36
2022-04-29,CLF,0.05,0.05,1,5226.212205184491,0.7999999999999999,4986.672041418057,36
2022-04-29,COP,0.05,0.05,1,1602.2404268473067,0.7999999999999999,4986.672041418057,36
2022-04-29,CVX,0.05,0.05,1,988.8697861705399,0.7999999999999999,4986.672041418057,36
2022-04-29,DDS,0.05,0.05,1,540.0612439512901,0.7999999999999999,4986.672041418057,36
2022-04-29,DVN,0.05,0.05,1,2748.2140195672696,0.7999999999999999,4986.672041418057,36
2022-04-29,EOG,0.05,0.05,1,1354.3424112775,0.7999999999999999,4986.672041418057,36
2022-04-29,EQT,0.05,0.05,1,3546.871666157902,0.7999999999999999,4986.672041418057,36
2022-04-29,FANG,0.05,0.05,1,1271.1493737970438,0.7999999999999999,4986.672041418057,36
2022-04-29,HAL,0.05,0.05,1,4044.828769557866,0.7999999999999999,4986.672041418057,36
2022-04-29,HP,0.05,0.05,1,3388.509926669461,0.7999999999999999,4986.672041418057,36
2022-04-29,MOS,0.05,0.05,1,2345.6482343639723,0.7999999999999999,4986.672041418057,36
2022-04-29,MUR,0.05,0.05,1,3978.649238850464,0.7999999999999999,4986.672041418057,36
2022-04-29,NUE,0.05,0.05,1,911.0164202639372,0.7999999999999999,4986.672041418057,36
2022-04-29,OXY,0.05,0.05,1,2556.4965078226146,0.7999999999999999,4986.672041418057,36
2022-04-29,RRC,0.05,0.05,1,4613.654741467643,0.7999999999999999,4986.672041418057,36
2022-04-29,TRGP,0.05,0.04999999999999981,1,1972.207208729613,0.7999999999999999,4986.672041418057,36
2022-04-29,WFRD,0.05,0.05,1,4220.810643475709,0.7999999999999999,4986.672041418057,36
2022-07-29,APA,0.05,0.04999999999999999,1,3778.5297763403196,0.45711203567102127,2532.778261370849,29
2022-07-29,CF,0.05,0.049999999999999996,1,1402.5208207927678,0.45711203567102127,2532.778261370849,29
2022-07-29,COP,0.05,0.04999999999999999,1,1443.5567862737867,0.45711203567102127,2532.778261370849,29
2022-07-29,CTRA,0.05,0.04999999999999996,1,4752.127353436695,0.45711203567102127,2532.778261370849,29
2022-07-29,CVX,0.05,0.04999999999999999,1,872.7966897575027,0.45711203567102127,2532.778261370849,29
2022-07-29,DINO,0.05,0.04999999999999997,1,2979.8568850158867,0.45711203567102127,2532.778261370849,29
2022-07-29,DVN,0.05,0.04999999999999999,1,2327.599500087039,0.45711203567102127,2532.778261370849,29
2022-07-29,EOG,0.05,0.049999999999999996,1,1294.873385666355,0.45711203567102127,2532.778261370849,29
2022-07-29,EQT,0.05,0.04999999999999999,1,2968.6109706576694,0.45711203567102127,2532.778261370849,29
2022-07-29,HAL,0.05,0.04999999999999999,1,4561.1224311386195,0.45711203567102127,2532.778261370849,29
2022-07-29,HP,0.05,0.04999999999999999,1,3116.2828347880854,0.45711203567102127,2532.778261370849,29
2022-07-29,HRB,0.05,0.04999999999999997,1,3436.794153370613,0.45711203567102127,2532.778261370849,29
2022-07-29,MCK,0.05,0.04999999999999996,1,369.23128783179527,0.45711203567102127,2532.778261370849,29
2022-07-29,MPC,0.05,0.04999999999999997,1,1461.189462057261,0.45711203567102127,2532.778261370849,29
2022-07-29,NBR,0.05,0.04999999999999997,1,869.7203845446082,0.45711203567102127,2532.778261370849,29
2022-07-29,NL,0.05,0.04999999999999997,1,17969.347283136038,0.45711203567102127,2532.778261370849,29
2022-07-29,OXY,0.05,0.049999999999999996,1,1988.889973650482,0.45711203567102127,2532.778261370849,29
2022-07-29,RRC,0.05,0.04999999999999999,1,3885.705705658347,0.45711203567102127,2532.778261370849,29
2022-07-29,VLO,0.05,0.04999999999999997,1,1246.2369597184188,0.45711203567102127,2532.778261370849,29
2022-07-29,XOM,0.05,0.049999999999999975,1,1442.741705420195,0.45711203567102127,2532.778261370849,29
2022-10-31,CAH,0.05,0.05,1,1954.5696781193683,0.5226939545975763,3361.930468296573,30
2022-10-31,CI,0.05,0.05,1,458.33843984580784,0.5226939545975763,3361.930468296573,30
2022-10-31,DINO,0.05,0.05000000000000001,1,2605.347307555101,0.5226939545975763,3361.930468296573,30
2022-10-31,DVN,0.05,0.05000000000000001,1,2084.0529004313757,0.5226939545975763,3361.930468296573,30
2022-10-31,ENPH,0.05,0.05,1,455.0523625379792,0.5226939545975763,3361.930468296573,30
2022-10-31,EQT,0.05,0.05000000000000001,1,3509.1544170794964,0.5226939545975763,3361.930468296573,30
2022-10-31,ERIE,0.05,0.05,1,573.1111981307869,0.5226939545975763,3361.930468296573,30
2022-10-31,FSLR,0.05,0.05,1,959.6830959004651,0.5226939545975763,3361.930468296573,30
2022-10-31,HRB,0.05,0.05000000000000001,1,3737.6577552663643,0.5226939545975763,3361.930468296573,30
2022-10-31,MCK,0.05,0.05000000000000001,1,364.6022737323207,0.5226939545975763,3361.930468296573,30
2022-10-31,MPC,0.05,0.05,1,1320.7776424325937,0.5226939545975763,3361.930468296573,30
2022-10-31,NC,0.05,0.05,1,2687.451639673945,0.5226939545975763,3361.930468296573,30
2022-10-31,NL,0.05,0.05000000000000001,1,20695.35327271466,0.5226939545975763,3361.930468296573,30
2022-10-31,OXY,0.05,0.05000000000000001,1,2026.4267309644435,0.5226939545975763,3361.930468296573,30
2022-10-31,SMCI,0.05,0.05,1,20074.87895542461,0.5226939545975763,3361.930468296573,30
2022-10-31,TPL,0.05,0.05,1,565.3888520678676,0.5226939545975763,3361.930468296573,30
2022-10-31,UNM,0.05,0.05,1,3350.9316022827034,0.5226939545975763,3361.930468296573,30
2022-10-31,VLO,0.05,0.05000000000000001,1,1228.7358507119309,0.5226939545975763,3361.930468296573,30
2022-10-31,VRTX,0.05,0.05,1,447.7598567280757,0.5226939545975763,3361.930468296573,30
2022-10-31,XOM,0.05,0.05,1,1408.977906496435,0.5226939545975763,3361.930468296573,30
2023-01-31,APA,0.05,0.05000000000000001,1,3315.649790036187,0.7038265830764305,4230.980275947341,34
2023-01-31,ATI,0.05,0.05000000000000001,1,3605.307482136152,0.7038265830764305,4230.980275947341,34
2023-01-31,AXON,0.05,0.05000000000000001,1,671.2911145903356,0.7038265830764305,4230.980275947341,34
2023-01-31,CAH,0.05,0.05000000000000001,1,1792.0094220339304,0.7038265830764305,4230.980275947341,34
2023-01-31,COP,0.05,0.05000000000000001,1,1187.0889305578164,0.7038265830764305,4230.980275947341,34
2023-01-31,DDS,0.05,0.05000000000000001,1,391.1155832179131,0.7038265830764305,4230.980275947341,34
2023-01-31,FICO,0.05,0.05000000000000001,1,197.00748505075904,0.7038265830764305,4230.980275947341,34
2023-01-31,FSLR,0.05,0.05000000000000001,1,738.7225932749134,0.7038265830764305,4230.980275947341,34
2023-01-31,GNW,0.05,0.05000000000000001,1,23767.597378217473,0.7038265830764305,4230.980275947341,34
2023-01-31,HP,0.05,0.05000000000000001,1,3105.4486257115977,0.7038265830764305,4230.980275947341,34
2023-01-31,MPC,0.05,0.05000000000000001,1,1089.7516450180246,0.7038265830764305,4230.980275947341,34
2023-01-31,MUR,0.05,0.05000000000000001,1,3360.6227158800357,0.7038265830764305,4230.980275947341,34
2023-01-31,PCG,0.05,0.05000000000000001,1,8347.063723868101,0.7038265830764305,4230.980275947341,34
2023-01-31,RIG,0.05,0.05000000000000001,1,19465.451265536754,0.7038265830764305,4230.980275947341,34
2023-01-31,SLB,0.05,0.05000000000000001,1,2482.275116020227,0.7038265830764305,4230.980275947341,34
2023-01-31,SMCI,0.05,0.05000000000000001,1,18138.6882377017,0.7038265830764305,4230.980275947341,34
2023-01-31,STLD,0.05,0.05000000000000001,1,1136.799915767312,0.7038265830764305,4230.980275947341,34
2023-01-31,TPL,0.05,0.05000000000000001,1,612.1737768134054,0.7038265830764305,4230.980275947341,34
2023-01-31,WFRD,0.05,0.04999999999999994,1,2359.0507769743213,0.7038265830764305,4230.980275947341,34
2023-01-31,XOM,0.05,0.05000000000000001,1,1253.8054247023645,0.7038265830764305,4230.980275947341,34
2023-04-28,AXON,0.05,0.049999999999999975,1,595.6973488492123,0.6601237200639029,3828.7546228982765,33
2023-04-28,COTY,0.05,0.049999999999999975,1,10574.506620522885,0.6601237200639029,3828.7546228982765,33
2023-04-28,DECK,0.05,0.04999999999999997,1,1571.149600814625,0.6601237200639029,3828.7546228982765,33
2023-04-28,FICO,0.05,0.04999999999999997,1,172.42858749997833,0.6601237200639029,3828.7546228982765,33
2023-04-28,FIX,0.05,0.04999999999999997,1,848.7396388135197,0.6601237200639029,3828.7546228982765,33
2023-04-28,FSLR,0.05,0.04999999999999997,1,687.4761261728777,0.6601237200639029,3828.7546228982765,33
2023-04-28,GE,0.05,0.04999999999999997,1,1613.2056513149773,0.6601237200639029,3828.7546228982765,33
2023-04-28,LVS,0.05,0.04999999999999997,1,2058.8547602513054,0.6601237200639029,3828.7546228982765,33
2023-04-28,MTW,0.05,0.04999999999999997,1,8209.247396246457,0.6601237200639029,3828.7546228982765,33
2023-04-28,NVDA,0.05,0.049999999999999975,1,4527.143898747608,0.6601237200639029,3828.7546228982765,33
2023-04-28,OI,0.05,0.04999999999999997,1,5586.087948870164,0.6601237200639029,3828.7546228982765,33
2023-04-28,PHM,0.05,0.04999999999999997,1,1908.7728532103574,0.6601237200639029,3828.7546228982765,33
2023-04-28,PVH,0.05,0.04999999999999997,1,1469.4531062445685,0.6601237200639029,3828.7546228982765,33
2023-04-28,RIG,0.05,0.049999999999999975,1,21274.47294009467,0.6601237200639029,3828.7546228982765,33
2023-04-28,SMCI,0.05,0.049999999999999975,1,11905.471852540613,0.6601237200639029,3828.7546228982765,33
2023-04-28,STLD,0.05,0.04999999999999997,1,1257.3701856587898,0.6601237200639029,3828.7546228982765,33
2023-04-28,TEX,0.05,0.04999999999999997,1,2919.3731570896466,0.6601237200639029,3828.7546228982765,33
2023-04-28,WFRD,0.05,0.04999999999999997,1,1986.320003722827,0.6601237200639029,3828.7546228982765,33
2023-04-28,WOR,0.05,0.04999999999999997,1,3574.5361343080267,0.6601237200639029,3828.7546228982765,33
2023-04-28,WYNN,0.05,0.04999999999999997,1,1130.002552139428,0.6601237200639029,3828.7546228982765,33
2023-07-31,ANF,0.05,0.05,1,3984.2560354677344,0.5619721408590894,4072.597182187004,31
2023-07-31,BLDR,0.05,0.04999999999999999,1,1092.684289965607,0.5619721408590894,4072.597182187004,31
2023-07-31,CCL,0.05,0.05,1,8376.665749389389,0.5619721408590894,4072.597182187004,31
2023-07-31,CXT,0.05,0.05,1,2743.0991840926276,0.5619721408590894,4072.597182187004,31
2023-07-31,FSLR,0.05,0.05000000000000001,1,760.9276212199012,0.5619721408590894,4072.597182187004,31
2023-07-31,GE,0.05,0.05000000000000001,1,1755.8822094577897,0.5619721408590894,4072.597182187004,31
2023-07-31,JBL,0.05,0.05,1,1434.2191095738146,0.5619721408590894,4072.597182187004,31
2023-07-31,KBH,0.05,0.05,1,3036.4184336707035,0.5619721408590894,4072.597182187004,31
2023-07-31,META,0.05,0.05,1,498.8033981305566,0.5619721408590894,4072.597182187004,31
2023-07-31,MTW,0.05,0.05000000000000001,1,8709.513062216316,0.5619721408590894,4072.597182187004,31
2023-07-31,NCLH,0.05,0.05,1,7150.719808740388,0.5619721408590894,4072.597182187004,31
2023-07-31,NFLX,0.05,0.05,1,3595.151976232905,0.5619721408590894,4072.597182187004,31
2023-07-31,NVDA,0.05,0.05,1,3379.7257689189373,0.5619721408590894,4072.597182187004,31
2023-07-31,PANW,0.05,0.05,1,1262.733075354159,0.5619721408590894,4072.597182187004,31
2023-07-31,PHM,0.05,0.05000000000000001,1,1905.5046921798776,0.5619721408590894,4072.597182187004,31
2023-07-31,RCL,0.05,0.05,1,1471.8135434146159,0.5619721408590894,4072.597182187004,31
2023-07-31,RIG,0.05,0.05,1,17933.679610919993,0.5619721408590894,4072.597182187004,31
2023-07-31,SMCI,0.05,0.05000000000000002,1,4778.405000609169,0.5619721408590894,4072.597182187004,31
2023-07-31,TEX,0.05,0.05000000000000001,1,2783.5028394012215,0.5619721408590894,4072.597182187004,31
2023-07-31,WFRD,0.05,0.05000000000000002,1,1942.3325147719333,0.5619721408590894,4072.597182187004,31
2023-10-31,ADBE,0.05,0.049999999999999996,1,257.41306674515977,0.391525727243425,2453.085611616163,27
2023-10-31,ANF,0.05,0.05000000000000003,1,2251.8776118250316,0.391525727243425,2453.085611616163,27
2023-10-31,APO,0.05,0.049999999999999996,1,1829.2674065388662,0.391525727243425,2453.085611616163,27
2023-10-31,AVGO,0.05,0.049999999999999996,1,1672.2992801586906,0.391525727243425,2453.085611616163,27
2023-10-31,BLDR,0.05,0.05000000000000002,1,1262.0641347276573,0.391525727243425,2453.085611616163,27
2023-10-31,CCL,0.05,0.05000000000000001,1,11951.06415428298,0.391525727243425,2453.085611616163,27
2023-10-31,CXT,0.05,0.05000000000000002,1,2701.4871287368396,0.391525727243425,2453.085611616163,27
2023-10-31,EME,0.05,0.049999999999999996,1,666.2881217899005,0.391525727243425,2453.085611616163,27
2023-10-31,FICO,0.05,0.049999999999999996,1,161.91518372158998,0.391525727243425,2453.085611616163,27
2023-10-31,GE,0.05,0.05000000000000002,1,1601.365523331948,0.391525727243425,2453.085611616163,27
2023-10-31,JBL,0.05,0.05000000000000002,1,1120.876316033033,0.391525727243425,2453.085611616163,27
2023-10-31,LII,0.05,0.049999999999999996,1,377.16574011632207,0.391525727243425,2453.085611616163,27
2023-10-31,LLY,0.05,0.049999999999999996,1,251.1832136310023,0.391525727243425,2453.085611616163,27
2023-10-31,META,0.05,0.05000000000000002,1,457.78170053121585,0.391525727243425,2453.085611616163,27
2023-10-31,NVDA,0.05,0.05000000000000002,1,3360.656067123048,0.391525727243425,2453.085611616163,27
2023-10-31,PHM,0.05,0.05000000000000003,1,1892.5012668218535,0.391525727243425,2453.085611616163,27
2023-10-31,RCL,0.05,0.05000000000000002,1,1644.8232751401392,0.391525727243425,2453.085611616163,27
2023-10-31,RIG,0.05,0.05000000000000001,1,20688.7006090051,0.391525727243425,2453.085611616163,27
2023-10-31,SMCI,0.05,0.05000000000000002,1,5719.263071954814,0.391525727243425,2453.085611616163,27
2023-10-31,WFRD,0.05,0.05000000000000002,1,1504.7374014087657,0.391525727243425,2453.085611616163,27
2024-01-31,AMD,0.05,0.05,1,1087.848891752829,0.5655760737040908,4778.166136609718,31
2024-01-31,ANF,0.05,0.05,1,1790.2000057142743,0.5655760737040908,4778.166136609718,31
2024-01-31,ATGE,0.05,0.05,1,3613.7358353437,0.5655760737040908,4778.166136609718,31
2024-01-31,BLDR,0.05,0.05000000000000001,1,1050.0281344621953,0.5655760737040908,4778.166136609718,31
2024-01-31,BX,0.05,0.05,1,1549.779773857261,0.5655760737040908,4778.166136609718,31
2024-01-31,FICO,0.05,0.05,1,152.1661870331103,0.5655760737040908,4778.166136609718,31
2024-01-31,FMCC,0.05,0.05,1,177108.1440592404,0.5655760737040908,4778.166136609718,31
2024-01-31,FNMA,0.05,0.05,1,144778.87674177138,0.5655760737040908,4778.166136609718,31
2024-01-31,GAP,0.05,0.05,1,10334.651751748033,0.5655760737040908,4778.166136609718,31
2024-01-31,INTC,0.05,0.05,1,4291.191301032214,0.5655760737040908,4778.166136609718,31
2024-01-31,KKR,0.05,0.049999999999999996,1,2132.2169585222473,0.5655760737040908,4778.166136609718,31
2024-01-31,META,0.05,0.05,1,470.8454381589765,0.5655760737040908,4778.166136609718,31
2024-01-31,NVDA,0.05,0.049999999999999996,1,2966.5515220449092,0.5655760737040908,4778.166136609718,31
2024-01-31,PHM,0.05,0.049999999999999996,1,1770.6210441112607,0.5655760737040908,4778.166136609718,31
2024-01-31,RCL,0.05,0.05,1,1455.8975813698144,0.5655760737040908,4778.166136609718,31
2024-01-31,SIG,0.05,0.05,1,1889.901731525735,0.5655760737040908,4778.166136609718,31
2024-01-31,SLG,0.05,0.05,1,4465.574851811894,0.5655760737040908,4778.166136609718,31
2024-01-31,SMCI,0.05,0.05,1,3444.447581418223,0.5655760737040908,4778.166136609718,31
2024-01-31,WFRD,0.05,0.05,1,2083.4478926382567,0.5655760737040908,4778.166136609718,31
2024-01-31,WSM,0.05,0.05,1,1944.2057021851397,0.5655760737040908,4778.166136609718,31
2024-04-30,AMD,0.05,0.049999999999999996,1,1316.3744299921004,0.4192548556601665,4104.61276198031,28
2024-04-30,ANF,0.05,0.05000000000000001,1,1715.6632192982713,0.4192548556601665,4104.61276198031,28
2024-04-30,AVGO,0.05,0.049999999999999996,1,1632.7438929435687,0.4192548556601665,4104.61276198031,28
2024-04-30,BLDR,0.05,0.05000000000000001,1,1140.3970041420048,0.4192548556601665,4104.61276198031,28
2024-04-30,DECK,0.05,0.049999999999999996,1,1528.3661116022938,0.4192548556601665,4104.61276198031,28
2024-04-30,EME,0.05,0.049999999999999996,1,585.9342255602422,0.4192548556601665,4104.61276198031,28
2024-04-30,FIX,0.05,0.04999999999999999,1,677.9732508215045,0.4192548556601665,4104.61276198031,28
2024-04-30,FMCC,0.05,0.05,1,153299.54886528733,0.4192548556601665,4104.61276198031,28
2024-04-30,FNMA,0.05,0.05,1,141828.1527836887,0.4192548556601665,4104.61276198031,28
2024-04-30,GAP,0.05,0.05,1,10689.281289143728,0.4192548556601665,4104.61276198031,28
2024-04-30,MBI,0.05,0.05,1,33145.848952968554,0.4192548556601665,4104.61276198031,28
2024-04-30,META,0.05,0.05,1,487.53099210742596,0.4192548556601665,4104.61276198031,28
2024-04-30,MU,0.05,0.049999999999999996,1,1857.8402565338758,0.4192548556601665,4104.61276198031,28
2024-04-30,NRG,0.05,0.049999999999999996,1,2946.290805384141,0.4192548556601665,4104.61276198031,28
2024-04-30,NVDA,0.05,0.05,1,2414.223505145249,0.4192548556601665,4104.61276198031,28
2024-04-30,PHM,0.05,0.049999999999999996,1,1895.70765404507,0.4192548556601665,4104.61276198031,28
2024-04-30,SBNY,0.05,0.05,1,67253.99840761274,0.4192548556601665,4104.61276198031,28
2024-04-30,SLG,0.05,0.05,1,4534.237177502212,0.4192548556601665,4104.61276198031,28
2024-04-30,SMCI,0.05,0.049999999999999996,1,2427.6594703950195,0.4192548556601665,4104.61276198031,28
2024-04-30,WSM,0.05,0.05000000000000001,1,1492.4119091830494,0.4192548556601665,4104.61276198031,28
2024-07-31,ANF,0.05,0.05000000000000002,1,1474.0507663307153,0.3413713863741364,3292.912033419735,26
2024-07-31,AVGO,0.05,0.05000000000000001,1,1373.3421259997751,0.3413713863741364,3292.912033419735,26
2024-07-31,DECK,0.05,0.05000000000000002,1,1413.7361767908212,0.3413713863741364,3292.912033419735,26
2024-07-31,EME,0.05,0.05000000000000001,1,580.8454453415568,0.3413713863741364,3292.912033419735,26
2024-07-31,FIX,0.05,0.05,1,657.4308854194445,0.3413713863741364,3292.912033419735,26
2024-07-31,FMCC,0.05,0.05000000000000001,1,182683.1850986671,0.3413713863741364,3292.912033419735,26
2024-07-31,FNMA,0.05,0.05000000000000001,1,169838.28560917336,0.3413713863741364,3292.912033419735,26
2024-07-31,GAP,0.05,0.05000000000000001,1,9677.986316740897,0.3413713863741364,3292.912033419735,26
2024-07-31,GE,0.05,0.05000000000000001,1,1288.5565915074492,0.3413713863741364,3292.912033419735,26
2024-07-31,LLY,0.05,0.05,1,273.1467672365619,0.3413713863741364,3292.912033419735,26
2024-07-31,MU,0.05,0.05000000000000001,1,1990.8461887853414,0.3413713863741364,3292.912033419735,26
2024-07-31,NKTR,0.05,0.05000000000000001,1,10815.571969891356,0.3413713863741364,3292.912033419735,26
2024-07-31,NRG,0.05,0.05000000000000001,1,2969.9693467822835,0.3413713863741364,3292.912033419735,26
2024-07-31,NVDA,0.05,0.049999999999999996,1,1858.5374546255148,0.3413713863741364,3292.912033419735,26
2024-07-31,SBNY,0.05,0.05000000000000001,1,92115.68236608017,0.3413713863741364,3292.912033419735,26
2024-07-31,SMCI,0.05,0.05,1,3098.311093622761,0.3413713863741364,3292.912033419735,26
2024-07-31,THC,0.05,0.05000000000000001,1,1452.1910831821313,0.3413713863741364,3292.912033419735,26
2024-07-31,TRGP,0.05,0.05000000000000001,1,1658.2321161531174,0.3413713863741364,3292.912033419735,26
2024-07-31,WDC,0.05,0.05000000000000001,1,4307.285003225363,0.3413713863741364,3292.912033419735,26
2024-07-31,WSM,0.05,0.05,1,1437.0504581379394,0.3413713863741364,3292.912033419735,26
2024-10-31,ATGE,0.05,0.04999999999999999,1,2659.5418248120973,0.6261608490967719,6290.91485459141,32
2024-10-31,AVGO,0.05,0.05000000000000002,1,1282.539076102802,0.6261608490967719,6290.91485459141,32
2024-10-31,ERIE,0.05,0.04999999999999999,1,489.32178114226036,0.6261608490967719,6290.91485459141,32
2024-10-31,FICO,0.05,0.04999999999999999,1,107.97704149581475,0.6261608490967719,6290.91485459141,32
2024-10-31,FIX,0.05,0.05000000000000002,1,552.7357222799067,0.6261608490967719,6290.91485459141,32
2024-10-31,GE,0.05,0.05000000000000002,1,1262.0158646403308,0.6261608490967719,6290.91485459141,32
2024-10-31,GME,0.05,0.04999999999999998,1,9702.890740890041,0.6261608490967719,6290.91485459141,32
2024-10-31,HWM,0.05,0.04999999999999999,1,2165.43941855511,0.6261608490967719,6290.91485459141,32
2024-10-31,IRM,0.05,0.04999999999999999,1,1813.676789469655,0.6261608490967719,6290.91485459141,32
2024-10-31,KKR,0.05,0.04999999999999999,1,1567.6266221254868,0.6261608490967719,6290.91485459141,32
2024-10-31,LUMN,0.05,0.04999999999999999,1,33679.20564799491,0.6261608490967719,6290.91485459141,32
2024-10-31,MMM,0.05,0.04999999999999999,1,1715.8826265752048,0.6261608490967719,6290.91485459141,32
2024-10-31,MPWR,0.05,0.049999999999999996,1,286.37800873773597,0.6261608490967719,6290.91485459141,32
2024-10-31,NKTR,0.05,0.05000000000000002,1,12056.589075339203,0.6261608490967719,6290.91485459141,32
2024-10-31,NRG,0.05,0.05000000000000002,1,2431.5571889561547,0.6261608490967719,6290.91485459141,32
2024-10-31,NVDA,0.05,0.05000000000000001,1,1621.601500200372,0.6261608490967719,6290.91485459141,32
2024-10-31,PBI,0.05,0.04999999999999999,1,30966.592604015514,0.6261608490967719,6290.91485459141,32
2024-10-31,SBNY,0.05,0.05,1,172168.09567522275,0.6261608490967719,6290.91485459141,32
2024-10-31,THC,0.05,0.050000000000000024,1,1388.2732141832373,0.6261608490967719,6290.91485459141,32
2024-10-31,TPL,0.05,0.049999999999999996,1,557.6744391119225,0.6261608490967719,6290.91485459141,32
2025-01-31,ALK,0.05,0.04999999999999999,1,3015.161867334381,0.7186606274440357,7528.490007811112,34
2025-01-31,AVGO,0.05,0.05,1,1007.1694153822903,0.7186606274440357,7528.490007811112,34
2025-01-31,AXON,0.05,0.04999999999999999,1,338.64977347141655,0.7186606274440357,7528.490007811112,34
2025-01-31,CIEN,0.05,0.04999999999999999,1,2534.5490971908357,0.7186606274440357,7528.490007811112,34
2025-01-31,CNX,0.05,0.04999999999999999,1,8066.494286045099,0.7186606274440357,7528.490007811112,34
2025-01-31,FIX,0.05,0.05000000000000002,1,507.4819756059623,0.7186606274440357,7528.490007811112,34
2025-01-31,FMCC,0.05,0.04999999999999999,1,42473.1951698774,0.7186606274440357,7528.490007811112,34
2025-01-31,FNMA,0.05,0.04999999999999999,1,40229.620398920364,0.7186606274440357,7528.490007811112,34
2025-01-31,FTNT,0.05,0.04999999999999999,1,2189.339936513136,0.7186606274440357,7528.490007811112,34
2025-01-31,HWM,0.05,0.05,1,1749.4691790200227,0.7186606274440357,7528.490007811112,34
2025-01-31,IBKR,0.05,0.04999999999999999,1,4084.375079227503,0.7186606274440357,7528.490007811112,34
2025-01-31,JEF,0.05,0.04999999999999999,1,2951.547433048953,0.7186606274440357,7528.490007811112,34
2025-01-31,LUMN,0.05,0.05000000000000001,1,44708.624336841196,0.7186606274440357,7528.490007811112,34
2025-01-31,NVDA,0.05,0.05,1,1839.9352472669461,0.7186606274440357,7528.490007811112,34
2025-01-31,RCL,0.05,0.04999999999999999,1,839.0808416872087,0.7186606274440357,7528.490007811112,34
2025-01-31,TPL,0.05,0.05,1,513.929390850623,0.7186606274440357,7528.490007811112,34
2025-01-31,TPR,0.05,0.04999999999999999,1,3076.853572645712,0.7186606274440357,7528.490007811112,34
2025-01-31,TRGP,0.05,0.04999999999999999,1,1148.6221542259775,0.7186606274440357,7528.490007811112,34
2025-01-31,TSLA,0.05,0.04999999999999999,1,545.873958107991,0.7186606274440357,7528.490007811112,34
2025-01-31,UAL,0.05,0.04999999999999995,1,2086.7404990940586,0.7186606274440357,7528.490007811112,34
2025-04-30,ATGE,0.05,0.049999999999999996,1,1786.381223184551,0.65,5801.2497169722765,33
2025-04-30,AXON,0.05,0.05,1,309.332601054344,0.65,5801.2497169722765,33
2025-04-30,EQT,0.05,0.049999999999999996,1,3871.7927655279223,0.65,5801.2497169722765,33
2025-04-30,ETR,0.05,0.05,1,2328.273246942049,0.65,5801.2497169722765,33
2025-04-30,FMCC,0.05,0.04999999999999999,1,36624.26384895135,0.65,5801.2497169722765,33
2025-04-30,FNMA,0.05,0.049999999999999996,1,30065.559773527984,0.65,5801.2497169722765,33
2025-04-30,GILD,0.05,0.049999999999999996,1,1817.7044566251457,0.65,5801.2497169722765,33
2025-04-30,HWM,0.05,0.049999999999999996,1,1371.5587424682533,0.65,5801.2497169722765,33
2025-04-30,KMI,0.05,0.049999999999999996,1,7443.309215370576,0.65,5801.2497169722765,33
2025-04-30,NFLX,0.05,0.049999999999999996,1,1676.330588499993,0.65,5801.2497169722765,33
2025-04-30,PBI,0.05,0.049999999999999996,1,22392.106460481442,0.65,5801.2497169722765,33
2025-04-30,PM,0.05,0.049999999999999996,1,1136.1919444464,0.65,5801.2497169722765,33
2025-04-30,T,0.05,0.049999999999999996,1,7073.333912397432,0.65,5801.2497169722765,33
2025-04-30,TKO,0.05,0.049999999999999996,1,1176.0360780670455,0.65,5801.2497169722765,33
2025-04-30,TMUS,0.05,0.049999999999999996,1,777.6138004256171,0.65,5801.2497169722765,33
2025-04-30,TPL,0.05,0.049999999999999996,1,443.7973746977102,0.65,5801.2497169722765,33
2025-04-30,TPR,0.05,0.049999999999999996,1,2716.8562194629317,0.65,5801.2497169722765,33
2025-04-30,TRGP,0.05,0.049999999999999996,1,1129.7840503606635,0.65,5801.2497169722765,33
2025-04-30,UNM,0.05,0.049999999999999996,1,2486.877020552322,0.65,5801.2497169722765,33
2025-04-30,WMB,0.05,0.049999999999999996,1,3321.295594444387,0.65,5801.2497169722765,33
2025-07-31,ATGE,0.05,0.04999999999999999,1,1818.4111758656506,0.5616575321339539,5446.394368711421,31
2025-07-31,ATI,0.05,0.04999999999999999,1,2700.673672581762,0.5616575321339539,5446.394368711421,31
2025-07-31,AXON,0.05,0.04999999999999999,1,275.0398306368293,0.5616575321339539,5446.394368711421,31
2025-07-31,CAH,0.05,0.04999999999999999,1,1346.3953840556003,0.5616575321339539,5446.394368711421,31
2025-07-31,CAR,0.05,0.04999999999999998,1,1220.5699733146805,0.5616575321339539,5446.394368711421,31
2025-07-31,FMCC,0.05,0.04999999999999999,1,32722.8097767831,0.5616575321339539,5446.394368711421,31
2025-07-31,FNMA,0.05,0.04999999999999999,1,25908.955997718644,0.5616575321339539,5446.394368711421,31
2025-07-31,GE,0.05,0.04999999999999999,1,768.340226584763,0.5616575321339539,5446.394368711421,31
2025-07-31,HWM,0.05,0.049999999999999996,1,1157.3042902236184,0.5616575321339539,5446.394368711421,31
2025-07-31,JBL,0.05,0.04999999999999999,1,931.7952313642301,0.5616575321339539,5446.394368711421,31
2025-07-31,LUMN,0.05,0.04999999999999999,1,46694.347835533124,0.5616575321339539,5446.394368711421,31
2025-07-31,NC,0.05,0.04999999999999999,1,5544.308734731119,0.5616575321339539,5446.394368711421,31
2025-07-31,NFLX,0.05,0.04999999999999999,1,1792.2186871342801,0.5616575321339539,5446.394368711421,31
2025-07-31,NKTR,0.05,0.04999999999999999,1,9584.40203122486,0.5616575321339539,5446.394368711421,31
2025-07-31,NRG,0.05,0.04999999999999999,1,1253.1395757094099,0.5616575321339539,5446.394368711421,31
2025-07-31,PBI,0.05,0.04999999999999999,1,18600.71509173007,0.5616575321339539,5446.394368711421,31
2025-07-31,PM,0.05,0.04999999999999999,1,1290.1881106937801,0.5616575321339539,5446.394368711421,31
2025-07-31,RCL,0.05,0.04999999999999999,1,657.9363964529017,0.5616575321339539,5446.394368711421,31
2025-07-31,STX,0.05,0.04999999999999999,1,1331.072432676794,0.5616575321339539,5446.394368711421,31
2025-07-31,TPR,0.05,0.04999999999999999,1,1937.4796027138827,0.5616575321339539,5446.394368711421,31
2025-10-31,APH,0.05,0.04999999999999999,1,1838.780862539315,0.6382815545187962,7753.98064175641,32
2025-10-31,ATGE,0.05,0.049999999999999996,1,2608.8820202975703,0.6382815545187962,7753.98064175641,32
2025-10-31,AVGO,0.05,0.04999999999999999,1,693.1577658996126,0.6382815545187962,7753.98064175641,32
2025-10-31,CAR,0.05,0.04999999999999999,1,1879.3458742337314,0.6382815545187962,7753.98064175641,32
2025-10-31,CIEN,0.05,0.04999999999999999,1,1346.475407209321,0.6382815545187962,7753.98064175641,32
2025-10-31,FIX,0.05,0.04999999999999999,1,265.00172710010463,0.6382815545187962,7753.98064175641,32
2025-10-31,FMCC,0.05,0.04999999999999999,1,26833.432742604797,0.6382815545187962,7753.98064175641,32
2025-10-31,FNMA,0.05,0.049999999999999996,1,25046.28853244702,0.6382815545187962,7753.98064175641,32
2025-10-31,FOSL,0.05,0.04999999999999999,1,122943.56550556433,0.6382815545187962,7753.98064175641,32
2025-10-31,GLW,0.05,0.04999999999999999,1,2880.500198380126,0.6382815545187962,7753.98064175641,32
2025-10-31,IBKR,0.05,0.04999999999999999,1,3638.9657846868495,0.6382815545187962,7753.98064175641,32
2025-10-31,LRCX,0.05,0.04999999999999999,1,1626.7216979238415,0.6382815545187962,7753.98064175641,32
2025-10-31,MU,0.05,0.04999999999999999,1,1143.2538290081936,0.6382815545187962,7753.98064175641,32
2025-10-31,NKTR,0.05,0.04999999999999998,1,3938.4353252704295,0.6382815545187962,7753.98064175641,32
2025-10-31,NRG,0.05,0.04999999999999999,1,1496.446918659713,0.6382815545187962,7753.98064175641,32
2025-10-31,ORCL,0.05,0.04999999999999999,1,976.3474260491015,0.6382815545187962,7753.98064175641,32
2025-10-31,STX,0.05,0.04999999999999999,1,1002.0068051858455,0.6382815545187962,7753.98064175641,32
2025-10-31,TPR,0.05,0.04999999999999999,1,2336.6846929774424,0.6382815545187962,7753.98064175641,32
2025-10-31,WBD,0.05,0.04999999999999998,1,11390.761611637536,0.6382815545187962,7753.98064175641,32
2025-10-31,WDC,0.05,0.04999999999999999,1,1703.8027651528023,0.6382815545187962,7753.98064175641,32
2026-01-30,ALB,0.05,0.049999999999999996,1,1719.267445077943,0.4610686298548826,6425.464247945212,28
2026-01-30,B,0.05,0.049999999999999996,1,6406.608575738909,0.4610686298548826,6425.464247945212,28
2026-01-30,CIEN,0.05,0.05000000000000002,1,1164.9998625660141,0.4610686298548826,6425.464247945212,28
2026-01-30,FIX,0.05,0.05000000000000002,1,256.85896052839576,0.4610686298548826,6425.464247945212,28
2026-01-30,FMCC,0.05,0.05000000000000002,1,40617.32346780502,0.4610686298548826,6425.464247945212,28
2026-01-30,FNMA,0.05,0.05,1,35823.49589720517,0.4610686298548826,6425.464247945212,28
2026-01-30,FOSL,0.05,0.05000000000000002,1,84541.38620454226,0.4610686298548826,6425.464247945212,28
2026-01-30,GLW,0.05,0.05000000000000002,1,2841.24564211632,0.4610686298548826,6425.464247945212,28
2026-01-30,GOOGL,0.05,0.049999999999999996,1,867.924889196775,0.4610686298548826,6425.464247945212,28
2026-01-30,INTC,0.05,0.049999999999999996,1,6312.860013823585,0.4610686298548826,6425.464247945212,28
2026-01-30,KSS,0.05,0.049999999999999996,1,16792.13646701517,0.4610686298548826,6425.464247945212,28
2026-01-30,LRCX,0.05,0.05000000000000002,1,1256.5690230106766,0.4610686298548826,6425.464247945212,28
2026-01-30,MU,0.05,0.05,1,707.0926752215317,0.4610686298548826,6425.464247945212,28
2026-01-30,NEM,0.05,0.049999999999999996,1,2611.1136318002063,0.4610686298548826,6425.464247945212,28
2026-01-30,NKTR,0.05,0.05,1,7858.521247230856,0.4610686298548826,6425.464247945212,28
2026-01-30,STX,0.05,0.05000000000000002,1,719.5629296567604,0.4610686298548826,6425.464247945212,28
2026-01-30,TER,0.05,0.049999999999999996,1,1217.0031480377975,0.4610686298548826,6425.464247945212,28
2026-01-30,VIAV,0.05,0.049999999999999975,1,11993.402433720266,0.4610686298548826,6425.464247945212,28
2026-01-30,WBD,0.05,0.05000000000000002,1,10652.09160480134,0.4610686298548826,6425.464247945212,28
2026-01-30,WDC,0.05,0.05,1,1172.3559027988445,0.4610686298548826,6425.464247945212,28
